000 00 002 0101
000 00 010 0000
000 00 010 0217
000 00 010 1345
000 00 010 1455
000 00 010 2213
000 00 010 3373
000 00 010 5001
000 00 010 5003
000 00 011 0436
000 00 012 0163
000 00 012 0515
000 00 033 0030
000 00 036 0101
000 00 037 0003
000 00 040 0000
000 00 040 0004
000 00 042 0005
000 00 042 0014
000 00 100 1646
000 00 110 1523
000 00 22 00000
000 00 22 16000
000 00 24 00003
000 00 24 02003
000 00 26 62033
000 00 30 03727
000 00 30 05176
000 00 30 15370
000 01 044 0016
000 01 22 00164
000 01 22 00624
000 01 30 01372
000 02 24 77766
000 02 25 77774
000 03 012 0000
000 04 24 00014
000 06 010 0000
000 06 044 0016
000 07 000 0045
000 07 000 0107
000 07 000 1273
000 07 000 1751
000 07 010 0031
000 07 010 0046
000 07 010 0107
000 07 010 0313
000 07 011 0355
000 07 26 01172
000 10 011 0103
000 10 044 0015
000 10 24 02000
000 10 24 77777
000 12 24 77775
000 12 31 00000
000 13 24 00010
000 13 31 06406
000 15 31 00000
000 16 010 0473
000 16 24 77773
000 17 24 77777
001 00 000 0000
001 00 000 0703
001 00 000 1423
001 00 000 2213
001 00 000 2656
001 00 006 0000
001 00 010 0000
001 00 010 0442
001 00 010 0600
001 00 010 0606
001 00 010 1345
001 00 010 1455
001 00 010 2204
001 00 011 0230
001 00 011 3000
001 00 012 0436
001 00 015 0140
001 00 015 1164
001 00 020 0163
001 00 036 0076
001 00 036 0125
001 00 036 0140
001 00 037 0003
001 00 040 0000
001 00 040 0015
001 00 042 0007
001 00 042 0014
001 00 042 0016
001 00 100 3370
001 00 110 1746
001 00 111 2050
001 00 22 00000
001 00 24 00000
001 00 24 00002
001 00 24 00003
001 00 24 02003
001 00 30 05000
001 01 000 0347
001 01 24 01777
001 02 25 77771
001 02 34 00000
001 02 37 75001
001 03 010 0454
001 05 000 0000
001 05 26 00007
001 05 27 00306
001 06 011 1405
001 06 22 00000
001 07 000 0031
001 07 000 0312
001 07 000 1107
001 07 000 1110
001 07 005 1745
001 07 010 0031
001 07 010 1045
001 07 013 0377
001 07 22 00757
001 07 27 00406
001 07 27 00737
001 07 27 01065
001 10 110 2052
001 10 115 2055
001 13 35 20422
001 15 010 0124
001 15 31 04516
001 16 113 1542
001 16 24 00001
001 16 25 77777
002 00 000 1164
002 00 000 1345
002 00 000 3036
002 00 010 0144
002 00 010 0221
002 00 010 0326
002 00 010 0467
002 00 010 3000
002 00 011 0154
002 00 011 1163
002 00 015 0140
002 00 015 3100
002 00 022 0000
002 00 023 0166
002 00 033 0034
002 00 036 0021
002 00 036 0064
002 00 036 0070
002 00 036 0076
002 00 040 0001
002 00 040 0016
002 00 100 2100
002 00 100 2101
002 00 100 3525
002 00 112 2316
002 00 22 00000
002 00 24 02000
002 00 24 02003
002 00 26 63363
002 00 30 06610
002 01 000 0000
002 01 015 0073
002 01 22 00224
002 01 24 12000
002 01 25 77777
002 01 26 00015
002 02 010 2365
002 02 22 00000
002 02 24 72000
002 02 34 00000
002 03 25 00001
002 04 012 0722
002 04 37 00000
002 05 30 20003
002 06 22 00001
002 07 000 0341
002 07 000 1037
002 07 000 1063
002 07 000 1230
002 07 010 0032
002 07 010 0046
002 07 011 0316
002 07 013 3777
002 07 22 00314
002 07 22 00410
002 07 23 00476
002 07 26 00250
002 07 27 01404
002 07 27 01452
002 07 37 71401
002 07 37 74402
002 10 000 3415
002 10 010 0044
002 10 044 0015
002 10 100 2052
002 10 30 00000
002 10 37 15001
002 11 24 00000
002 12 22 00000
002 15 24 00000
002 16 015 0142
002 16 100 1542
002 16 100 1653
002 16 24 77721
003 00 000 0467
003 00 000 3037
003 00 010 0116
003 00 010 0162
003 00 010 0221
003 00 010 0606
003 00 010 1526
003 00 011 0166
003 00 011 0230
003 00 011 1455
003 00 012 0513
003 00 013 0606
003 00 015 0104
003 00 015 0140
003 00 020 0163
003 00 036 0073
003 00 036 0076
003 00 036 0101
003 00 036 0102
003 00 036 0130
003 00 036 0155
003 00 040 0016
003 00 042 0005
003 00 042 0011
003 00 100 1700
003 00 110 1750
003 00 111 1624
003 00 22 00000
003 00 24 00003
003 00 26 15564
003 00 30 07222
003 00 30 15411
003 00 30 64770
003 00 33 00000
003 01 000 0737
003 01 000 1726
003 01 010 0207
003 01 012 0073
003 01 22 00237
003 01 27 01005
003 01 31 71164
003 01 35 00002
003 02 000 2365
003 02 015 0103
003 02 24 77777
003 02 25 77777
003 03 010 0000
003 04 24 77776
003 05 000 0001
003 06 011 0000
003 06 044 0016
003 07 000 0046
003 07 010 1045
003 07 015 0045
003 07 015 0250
003 07 22 00405
003 07 26 00377
003 07 27 00554
003 10 010 0663
003 10 110 2051
003 14 37 00000
003 15 24 77776
003 15 24 77777
003 15 31 70232
003 16 000 0162
003 16 010 0103
003 16 23 00523
003 16 37 00000
004 00 000 0326
004 00 000 1526
004 00 000 3036
004 00 010 0000
004 00 010 0513
004 00 010 2077
004 00 011 0515
004 00 012 0104
004 00 012 0142
004 00 012 0154
004 00 012 0326
004 00 013 0606
004 00 015 0103
004 00 015 0144
004 00 017 0375
004 00 023 0000
004 00 036 0070
004 00 036 0114
004 00 036 0154
004 00 040 0003
004 00 040 0017
004 00 042 0010
004 00 100 1646
004 00 100 2352
004 00 110 2116
004 00 111 2050
004 00 113 1646
004 00 22 00000
004 00 24 00002
004 00 24 00003
004 00 24 02003
004 00 30 64770
004 01 000 0002
004 01 006 0734
004 01 010 1234
004 01 013 0203
004 01 110 2166
004 01 24 00023
004 01 24 76001
004 01 26 01016
004 01 26 01406
004 02 010 0102
004 02 100 2366
004 02 110 3446
004 02 25 77776
004 02 34 00000
004 03 24 00044
004 04 24 00000
004 05 24 77541
004 07 000 0054
004 07 000 0247
004 07 000 1344
004 07 000 1552
004 07 005 1063
004 07 010 0045
004 07 012 0036
004 07 22 00416
004 07 26 00063
004 07 30 00242
004 10 000 0003
004 10 011 0230
004 10 24 00000
004 13 35 00000
004 14 015 0102
004 14 24 77772
004 14 24 77773
004 15 010 1033
004 15 044 0010
004 15 24 77773
004 15 27 00000
004 15 31 75105
004 16 033 0020
004 16 044 0006
004 16 111 2151
004 16 37 70003
004 17 25 00001
005 00 000 2077
005 00 000 2204
005 00 000 2205
005 00 000 3037
005 00 000 3454
005 00 010 0000
005 00 010 0221
005 00 010 2042
005 00 010 3001
005 00 011 1163
005 00 012 0161
005 00 012 0513
005 00 012 0547
005 00 015 0121
005 00 023 0000
005 00 031 0000
005 00 031 0100
005 00 036 0061
005 00 036 0076
005 00 036 0114
005 00 040 0000
005 00 040 0011
005 00 040 0012
005 00 040 0014
005 00 042 0001
005 00 042 0002
005 00 042 0005
005 00 042 0016
005 00 110 1474
005 00 110 1700
005 00 111 1617
005 00 112 1747
005 00 112 2050
005 00 22 00000
005 00 24 02003
005 00 26 67112
005 00 27 04763
005 00 30 07067
005 01 000 1234
005 01 010 0737
005 01 22 00037
005 02 30 00000
005 02 31 73613
005 02 34 00000
005 03 24 00000
005 03 24 70012
005 05 000 0237
005 06 26 00006
005 06 27 01010
005 07 000 0305
005 07 000 1307
005 07 000 1674
005 07 000 1702
005 07 010 0033
005 07 010 0314
005 07 010 0475
005 07 011 0753
005 07 011 1273
005 07 013 0246
005 07 22 01131
005 07 26 00412
005 07 26 01011
005 07 27 00130
005 07 27 01416
005 07 30 00124
005 10 000 0007
005 10 000 0663
005 10 24 00000
005 11 22 00000
005 11 31 70367
005 12 22 00000
005 16 24 76001
005 17 036 0046
005 17 110 7777
005 17 22 00000
006 00 000 2215
006 00 002 0037
006 00 005 0155
006 00 010 0000
006 00 010 0113
006 00 010 0610
006 00 012 0000
006 00 012 0163
006 00 015 0107
006 00 015 2205
006 00 036 0026
006 00 036 0053
006 00 036 0070
006 00 040 0000
006 00 042 0016
006 00 100 3424
006 00 110 1646
006 00 24 02003
006 00 27 71014
006 00 27 71403
006 00 30 07417
006 00 30 15411
006 00 30 75367
006 01 010 1234
006 01 012 0674
006 01 22 00405
006 01 24 00005
006 01 27 00025
006 01 30 01512
006 02 045 0011
006 03 110 3473
006 04 011 0142
006 04 24 00000
006 04 24 77777
006 05 24 01206
006 05 37 00000
006 06 27 00013
006 07 000 0245
006 07 000 0303
006 07 000 0754
006 07 004 1063
006 07 010 0045
006 07 010 1751
006 07 012 0031
006 07 012 0233
006 07 012 1030
006 07 013 0244
006 07 015 1026
006 07 015 1702
006 07 22 01220
006 07 26 00412
006 07 26 00425
006 07 27 00127
006 07 27 01011
006 07 30 00007
006 07 30 00252
006 10 010 1570
006 10 22 00000
006 10 34 15010
006 11 24 00000
006 11 24 00061
006 11 25 77773
006 12 044 0006
006 13 24 00000
006 14 010 7565
006 15 31 04516
006 15 31 71222
006 16 033 4000
006 17 110 1750
007 00 000 2205
007 00 000 2213
007 00 002 0036
007 00 002 0037
007 00 005 0162
007 00 005 0531
007 00 010 0451
007 00 010 2204
007 00 010 3454
007 00 011 0141
007 00 011 0154
007 00 011 0157
007 00 011 0162
007 00 012 0103
007 00 022 0162
007 00 023 0000
007 00 036 0061
007 00 036 0064
007 00 036 0114
007 00 036 0130
007 00 040 0000
007 00 040 0003
007 00 040 0010
007 00 100 1700
007 00 110 7027
007 00 115 7023
007 00 22 00000
007 00 23 00474
007 00 24 00003
007 00 24 02003
007 00 26 71161
007 00 27 77355
007 00 30 17332
007 01 045 0016
007 01 24 00005
007 01 26 01427
007 01 27 00011
007 02 100 2721
007 02 35 75011
007 04 044 0017
007 04 24 77777
007 05 24 00000
007 05 27 00013
007 06 010 0000
007 06 25 00100
007 07 000 0243
007 07 000 1026
007 07 000 1346
007 07 010 0041
007 07 010 0276
007 07 010 1011
007 07 010 1021
007 07 010 1347
007 07 010 1552
007 10 021 0234
007 10 22 00000
007 13 011 0103
007 15 011 0033
007 15 30 00000
007 16 010 0011
007 16 010 2110
007 16 110 3467
007 16 23 00000
007 16 31 66157
007 17 100 7777
007 17 25 00037
010 00 000 2042
010 00 002 0020
010 00 010 0044
010 00 010 0153
010 00 010 0436
010 00 010 1345
010 00 011 0462
010 00 011 0545
010 00 011 0546
010 00 011 2650
010 00 012 1163
010 00 012 3304
010 00 013 0137
010 00 015 1455
010 00 023 0166
010 00 036 0070
010 00 036 0101
010 00 036 0125
010 00 036 0127
010 00 040 0015
010 00 040 0016
010 00 042 0016
010 00 042 0017
010 00 110 1516
010 00 110 1646
010 00 113 1573
010 00 115 3361
010 00 22 00000
010 00 23 00474
010 00 24 00003
010 00 24 02002
010 00 24 02003
010 00 27 71016
010 00 27 71417
010 00 27 74413
010 00 30 74014
010 01 000 0040
010 01 010 0031
010 01 26 00013
010 02 010 2365
010 02 011 0103
010 03 000 0041
010 03 013 0041
010 03 24 00002
010 04 042 0016
010 05 000 0004
010 06 010 3777
010 06 22 00006
010 07 000 0467
010 07 000 1063
010 07 000 1673
010 07 010 0031
010 07 010 0317
010 07 015 1037
010 07 26 00252
010 07 26 00411
010 07 26 01012
010 07 26 01455
010 10 010 3130
010 11 31 70367
010 13 115 6031
010 14 24 00001
010 15 000 0033
010 17 000 0604
011 00 000 0005
011 00 000 1455
011 00 002 0036
011 00 006 0000
011 00 010 0000
011 00 010 0003
011 00 010 0103
011 00 010 0221
011 00 010 2040
011 00 010 2213
011 00 010 2215
011 00 011 0104
011 00 011 0116
011 00 011 0123
011 00 011 0127
011 00 011 0160
011 00 011 0513
011 00 015 2205
011 00 020 1135
011 00 023 0166
011 00 036 0045
011 00 036 0053
011 00 036 0070
011 00 036 0077
011 00 036 0117
011 00 040 0001
011 00 040 0004
011 00 040 0012
011 00 040 0017
011 00 100 1663
011 00 100 3361
011 00 110 1747
011 00 115 1645
011 00 22 00000
011 00 22 46000
011 00 24 00003
011 00 24 02000
011 00 24 02003
011 00 30 70010
011 00 30 74014
011 01 010 0040
011 01 27 00016
011 01 27 00416
011 02 010 2365
011 02 126 1630
011 02 37 75004
011 05 24 46000
011 06 010 2122
011 07 000 0041
011 07 000 1037
011 07 010 1031
011 07 010 1552
011 07 015 0045
011 07 27 00250
011 07 27 00357
011 07 30 00172
011 10 000 3130
011 10 24 02000
011 11 000 0063
011 11 010 0333
011 11 013 0063
011 13 010 0070
011 15 010 1033
011 16 010 0000
011 16 015 0103
011 16 026 0000
011 16 036 0070
011 16 23 00000
011 17 010 0077
011 17 37 00000
012 00 000 0044
012 00 002 0036
012 00 010 0000
012 00 010 0331
012 00 011 0131
012 00 011 0156
012 00 011 0516
012 00 012 0104
012 00 012 0163
012 00 013 0143
012 00 031 0000
012 00 036 0042
012 00 036 0102
012 00 036 0106
012 00 036 0120
012 00 036 0124
012 00 036 0126
012 00 040 0000
012 00 040 0007
012 00 040 0016
012 00 040 0021
012 00 042 0017
012 00 100 1645
012 00 100 3424
012 00 110 1455
012 00 110 7011
012 00 115 3424
012 00 22 00000
012 00 22 44700
012 00 22 63571
012 00 23 00474
012 00 24 00003
012 00 24 02003
012 00 27 15017
012 00 30 06302
012 01 000 1777
012 01 22 00035
012 01 26 00101
012 02 010 0532
012 03 010 0006
012 03 044 0010
012 04 011 0035
012 04 042 0016
012 04 35 00000
012 05 24 00000
012 05 25 77776
012 05 27 00013
012 06 015 0000
012 06 25 00400
012 06 26 00421
012 07 000 0044
012 07 000 1567
012 07 010 0043
012 07 010 1371
012 07 22 00372
012 07 22 01415
012 07 26 00015
012 07 26 00377
012 07 26 00414
012 07 27 00252
012 10 011 0230
012 10 30 00000
012 12 012 0000
012 13 30 00000
012 14 24 00210
012 15 000 1033
012 15 25 00003
012 15 30 00000
012 15 31 04516
012 16 000 0011
012 16 23 00144
012 16 37 00000
012 17 000 0077
012 17 011 0123
013 00 000 0001
013 00 000 2220
013 00 006 0000
013 00 006 0530
013 00 010 0000
013 00 010 0003
013 00 010 0221
013 00 010 1174
013 00 011 0000
013 00 011 0112
013 00 011 0141
013 00 011 0147
013 00 011 0545
013 00 011 0546
013 00 012 0436
013 00 013 0146
013 00 036 0025
013 00 036 0071
013 00 036 0113
013 00 036 0130
013 00 040 0012
013 00 040 0016
013 00 042 0007
013 00 042 0015
013 00 042 0017
013 00 042 0032
013 00 044 0027
013 00 110 1535
013 00 111 1465
013 00 113 7155
013 00 115 7012
013 00 115 7022
013 00 120 2125
013 00 22 00000
013 00 22 63572
013 00 24 00002
013 00 26 05415
013 00 30 71021
013 00 30 77131
013 01 010 0737
013 01 27 01416
013 01 37 71012
013 01 37 71377
013 02 044 0017
013 02 25 00001
013 03 24 00001
013 04 000 0035
013 05 24 77775
013 05 25 00001
013 06 22 00411
013 06 27 00015
013 06 35 07326
013 07 000 1066
013 07 010 0275
013 07 010 0314
013 07 010 1552
013 07 015 0014
013 07 27 00774
013 07 30 00000
013 07 30 00432
013 10 37 75013
013 11 000 0062
013 11 013 0062
013 12 010 0623
013 14 24 00000
013 16 010 7021
013 16 24 00021
013 17 011 0102
013 17 37 00000
014 00 000 1174
014 00 000 2216
014 00 000 3456
014 00 010 0000
014 00 010 0451
014 00 010 2343
014 00 011 0104
014 00 011 2650
014 00 011 3005
014 00 012 0141
014 00 013 0602
014 00 015 0000
014 00 015 0142
014 00 023 0506
014 00 036 0077
014 00 036 0133
014 00 040 0003
014 00 040 0014
014 00 040 0033
014 00 042 0005
014 00 042 0014
014 00 042 0015
014 00 042 0016
014 00 100 1455
014 00 110 1535
014 00 110 1653
014 00 115 3424
014 00 115 7010
014 00 22 00000
014 00 22 63577
014 00 23 00474
014 00 24 02003
014 00 26 07017
014 00 26 15431
014 00 30 17163
014 00 30 77466
014 01 26 00025
014 01 27 00016
014 02 011 0103
014 03 010 0065
014 04 22 00000
014 06 010 0000
014 06 23 02122
014 07 000 0035
014 07 000 1045
014 07 000 1675
014 07 010 0044
014 07 010 1051
014 07 010 1552
014 07 012 0233
014 07 22 00224
014 07 27 00417
014 07 27 01453
014 10 010 1570
014 10 011 2303
014 10 24 46000
014 10 24 64417
014 10 27 00000
014 13 011 0103
014 15 015 0133
014 15 31 04417
014 16 010 0123
014 16 110 3374
014 16 24 77776
014 16 31 05176
015 00 000 0000
015 00 000 0602
015 00 010 0000
015 00 010 0103
015 00 010 1340
015 00 010 2655
015 00 010 7565
015 00 011 0104
015 00 011 0114
015 00 011 0125
015 00 011 0132
015 00 011 0166
015 00 011 0513
015 00 011 0545
015 00 012 0142
015 00 012 0163
015 00 012 0463
015 00 015 3456
015 00 036 0032
015 00 036 0130
015 00 036 0141
015 00 040 0001
015 00 040 0004
015 00 040 0015
015 00 100 2026
015 00 110 1645
015 00 110 2316
015 00 110 3405
015 00 110 4016
015 00 110 6770
015 00 111 1453
015 00 111 2050
015 00 22 00000
015 00 23 00474
015 00 26 71161
015 00 30 77461
015 01 010 1777
015 01 045 0014
015 01 045 0016
015 01 26 01422
015 01 30 00026
015 01 30 00631
015 01 30 01417
015 04 24 00000
015 05 26 00104
015 05 27 00020
015 06 22 00137
015 07 000 0044
015 07 010 0032
015 07 010 0315
015 07 010 1346
015 07 22 00515
015 07 23 00052
015 07 24 74253
015 07 27 00252
015 07 27 01017
015 10 000 0000
015 10 010 3104
015 10 010 3130
015 10 015 0603
015 12 37 00000
015 16 010 1031
015 16 100 1657
015 16 100 3374
015 16 24 00000
015 16 31 05176
015 17 044 0001
015 17 35 64427
016 00 000 0451
016 00 000 3456
016 00 010 0002
016 00 010 0003
016 00 010 0440
016 00 010 2341
016 00 011 0113
016 00 011 0146
016 00 011 0161
016 00 011 0470
016 00 011 3037
016 00 012 3036
016 00 015 0156
016 00 021 2034
016 00 036 0031
016 00 036 0034
016 00 036 0073
016 00 040 0000
016 00 042 0001
016 00 042 0003
016 00 042 0016
016 00 110 1663
016 00 113 1663
016 00 22 44000
016 00 23 00474
016 00 24 00000
016 00 24 00003
016 00 24 02003
016 00 26 06440
016 00 27 15017
016 00 27 64425
016 01 010 0663
016 01 27 00024
016 02 011 0103
016 03 010 0050
016 03 011 0102
016 03 24 00000
016 04 22 00000
016 05 24 00000
016 05 25 00001
016 07 000 0307
016 07 000 0500
016 07 000 1676
016 07 010 0044
016 07 010 1040
016 07 010 1552
016 07 010 1756
016 07 015 0316
016 07 015 0320
016 07 22 01067
016 07 26 00035
016 07 27 01021
016 07 27 01424
016 10 000 3104
016 10 015 0000
016 10 30 00000
016 13 31 00000
016 14 24 20000
016 15 31 04516
016 16 000 0000
016 16 010 0026
016 16 012 0040
016 16 100 0002
016 16 37 70015
016 17 010 2365
016 17 24 07326
017 00 010 0103
017 00 010 0117
017 00 010 2220
017 00 010 3020
017 00 011 0114
017 00 011 0133
017 00 011 0142
017 00 011 0147
017 00 011 0220
017 00 011 0546
017 00 011 3055
017 00 012 0127
017 00 012 0163
017 00 013 0113
017 00 013 0116
017 00 015 0103
017 00 015 0111
017 00 015 2077
017 00 036 0070
017 00 036 0101
017 00 036 0102
017 00 036 0105
017 00 036 0143
017 00 040 0005
017 00 040 0017
017 00 100 1646
017 00 100 1663
017 00 110 0001
017 00 110 1700
017 00 110 7005
017 00 110 7177
017 00 111 2050
017 00 22 00000
017 00 24 02000
017 00 24 02003
017 00 26 04445
017 00 26 15421
017 00 26 75024
017 01 000 0737
017 01 010 1777
017 01 015 0622
017 01 26 01036
017 01 30 00653
017 02 011 0103
017 02 24 00003
017 03 110 2074
017 04 25 00006
017 05 045 0004
017 05 26 00024
017 05 27 00021
017 06 012 1004
017 06 036 0140
017 06 26 00423
017 06 26 00435
017 07 000 0341
017 07 000 1677
017 07 010 0030
017 07 010 0045
017 07 012 0036
017 07 26 01420
017 07 27 01421
017 10 000 0000
017 11 000 0062
017 11 013 0062
017 13 34 70030
017 15 24 77775
017 15 31 04516
017 16 010 0327
017 16 011 0000
017 16 015 0123
017 16 23 00144
017 16 31 05176
017 17 000 2365
017 17 010 1340
020 00 000 2077
020 00 000 2655
020 00 000 3020
020 00 010 2341
020 00 010 3764
020 00 011 0230
020 00 011 1163
020 00 011 1455
020 00 012 0513
020 00 015 0000
020 00 015 0110
020 00 015 2655
020 00 023 0166
020 00 036 0070
020 00 036 0144
020 00 040 0001
020 00 040 0003
020 00 100 2053
020 00 110 1466
020 00 110 3430
020 00 110 7023
020 00 111 1624
020 00 115 7027
020 00 22 00000
020 00 22 63574
020 00 23 00474
020 00 24 02002
020 00 24 02003
020 00 30 04371
020 00 30 04411
020 00 30 15414
020 00 30 71403
020 01 000 1777
020 01 044 0005
020 01 25 00010
020 01 27 01421
020 01 37 71016
020 04 036 0043
020 05 24 77776
020 05 26 00305
020 06 015 0000
020 06 020 1456
020 06 34 17163
020 07 000 1132
020 07 000 1667
020 07 010 0107
020 07 010 1031
020 07 010 1552
020 07 010 1757
020 07 26 00172
020 07 27 00165
020 07 27 00252
020 07 30 00051
020 10 000 0004
020 10 021 0234
020 10 045 0017
020 10 24 17760
020 15 24 64425
020 16 010 2110
020 16 011 0104
020 16 012 0123
020 16 012 0332
020 16 115 3512
021 00 000 0000
021 00 000 0103
021 00 000 0533
021 00 010 0136
021 00 010 0142
021 00 010 0436
021 00 010 3764
021 00 011 0442
021 00 011 0545
021 00 012 0110
021 00 012 0160
021 00 012 0221
021 00 013 0533
021 00 015 2002
021 00 023 0000
021 00 036 0076
021 00 036 0105
021 00 036 0124
021 00 036 0130
021 00 036 0152
021 00 040 0011
021 00 040 0012
021 00 040 0013
021 00 100 0030
021 00 110 1536
021 00 22 00000
021 00 22 63572
021 00 24 00003
021 00 24 02002
021 00 24 02003
021 00 26 06424
021 00 26 74035
021 00 27 03750
021 00 27 64422
021 00 27 76424
021 00 30 67523
021 01 010 0737
021 01 010 1777
021 01 021 1765
021 03 110 2077
021 04 010 4000
021 05 22 00022
021 06 013 1372
021 06 27 00444
021 06 27 01022
021 07 000 0036
021 07 010 0046
021 07 011 1762
021 07 26 00172
021 07 27 01066
021 07 30 01024
021 10 010 1455
021 10 111 2106
021 13 24 00000
021 16 110 2147
021 16 111 3457
021 16 24 77777
021 17 011 0103
022 00 000 3764
022 00 010 0000
022 00 010 0142
022 00 010 0157
022 00 010 0221
022 00 010 1174
022 00 011 0103
022 00 011 0142
022 00 011 0147
022 00 011 0166
022 00 011 0464
022 00 011 1163
022 00 013 0606
022 00 033 0147
022 00 036 0050
022 00 036 0057
022 00 036 0107
022 00 040 0016
022 00 040 0017
022 00 106 2053
022 00 111 2050
022 00 112 7177
022 00 22 00000
022 00 22 63577
022 00 24 02003
022 00 27 06440
022 00 30 76703
022 01 015 0246
022 01 036 0070
022 01 30 00706
022 02 010 1030
022 05 015 0347
022 06 000 0000
022 07 000 1131
022 07 000 1665
022 07 010 1044
022 07 012 0043
022 07 015 0274
022 07 015 1346
022 07 22 00222
022 07 26 00300
022 07 26 01437
022 07 27 00261
022 07 27 00432
022 07 30 00000
022 10 22 00000
022 10 30 00000
022 12 010 0102
022 12 015 0154
022 13 010 0103
022 15 000 0607
022 16 010 0327
022 16 010 2110
022 16 015 0000
022 16 015 0104
022 16 033 0020
022 16 110 1655
022 16 31 00000
022 16 31 05176
023 00 000 2213
023 00 010 1175
023 00 010 2040
023 00 010 3016
023 00 010 3762
023 00 011 0000
023 00 011 0124
023 00 012 0163
023 00 012 0221
023 00 012 0436
023 00 012 1163
023 00 015 0151
023 00 036 0112
023 00 036 0135
023 00 040 0000
023 00 040 0017
023 00 100 7177
023 00 110 2054
023 00 112 2050
023 00 115 2055
023 00 121 7204
023 00 22 00000
023 00 22 63571
023 00 23 02222
023 00 26 71146
023 00 26 74425
023 00 27 03750
023 01 010 1030
023 01 26 01427
023 03 012 0007
023 03 34 15025
023 05 26 00026
023 05 34 15432
023 06 010 0000
023 06 22 00017
023 06 27 01025
023 07 000 1346
023 07 000 1666
023 07 010 1030
023 07 011 0315
023 07 011 1762
023 07 013 0360
023 07 26 01026
023 10 000 1455
023 10 010 0005
023 10 111 2106
023 13 011 0035
023 15 31 04623
023 15 37 00000
023 16 010 2110
023 16 012 0104
023 16 110 1655
023 16 115 3512
023 16 31 05176
024 00 000 1175
024 00 000 3016
024 00 006 3357
024 00 010 0000
024 00 010 0104
024 00 011 0104
024 00 011 0161
024 00 011 0162
024 00 011 0230
024 00 011 1163
024 00 012 0436
024 00 012 0546
024 00 015 0000
024 00 015 0102
024 00 040 0015
024 00 040 0017
024 00 042 0015
024 00 110 1751
024 00 110 3405
024 00 110 7011
024 00 115 7017
024 00 121 3531
024 00 22 00000
024 00 22 63572
024 00 23 02655
024 00 24 00003
024 00 24 02002
024 00 26 04431
024 00 27 15027
024 00 27 71037
024 00 30 74042
024 00 30 74426
024 02 015 0103
024 03 000 0007
024 03 010 0075
024 03 012 0007
024 05 010 1777
024 05 22 00027
024 05 24 00000
024 05 26 00046
024 06 27 00030
024 06 27 00520
024 07 000 1133
024 07 000 1601
024 07 005 1600
024 07 010 0030
024 07 010 1030
024 07 22 01762
024 10 015 5167
024 10 020 0234
024 12 010 0623
024 13 000 0035
024 13 24 00000
024 15 24 64617
024 16 000 0332
024 16 015 0100
024 16 015 0332
024 16 24 01426
025 00 000 0331
025 00 000 1174
025 00 000 2006
025 00 000 2341
025 00 002 0237
025 00 010 0163
025 00 010 0606
025 00 011 3072
025 00 023 0000
025 00 023 0166
025 00 036 0050
025 00 036 0106
025 00 040 0015
025 00 040 0016
025 00 042 0007
025 00 042 0016
025 00 100 3425
025 00 100 7011
025 00 100 7017
025 00 110 7036
025 00 111 2050
025 00 121 7204
025 00 22 00000
025 00 24 02000
025 00 24 02003
025 01 000 0737
025 01 010 1030
025 01 24 00000
025 04 24 00001
025 05 22 00000
025 05 27 00030
025 05 30 00000
025 06 000 1017
025 06 26 00427
025 07 010 0275
025 07 010 1344
025 07 010 1601
025 07 26 00775
025 07 26 01066
025 07 26 01224
025 07 27 01030
025 07 30 00614
025 07 30 01510
025 10 000 5167
025 10 012 0103
025 10 112 2106
025 10 31 74774
025 11 012 0102
025 12 010 0623
025 13 35 00000
025 15 31 04644
025 15 31 75150
025 16 010 0024
025 16 010 0471
025 16 011 0106
025 16 23 00523
025 17 010 0103
025 17 010 1340
026 00 000 2013
026 00 006 0545
026 00 010 0114
026 00 010 1345
026 00 011 0231
026 00 013 0162
026 00 015 0122
026 00 015 2213
026 00 033 0031
026 00 036 0056
026 00 036 0101
026 00 040 0016
026 00 042 0016
026 00 100 7020
026 00 110 1466
026 00 110 2326
026 00 112 2050
026 00 115 7020
026 00 22 00000
026 00 24 02002
026 00 24 02003
026 00 27 15302
026 00 27 71042
026 01 000 0012
026 01 000 0754
026 01 010 0757
026 01 036 0070
026 01 26 01453
026 02 30 00000
026 03 010 0050
026 05 30 00273
026 06 011 1401
026 06 26 00522
026 07 000 0275
026 07 000 1134
026 07 010 0044
026 07 010 1026
026 07 22 00433
026 07 26 01031
026 07 30 00351
026 10 000 0002
026 10 000 0006
026 10 000 5167
026 10 015 5167
026 10 24 00001
026 13 25 00006
026 15 31 04516
026 15 31 04634
026 16 000 0471
026 16 010 0153
026 16 010 1334
026 16 100 3512
026 16 111 3512
026 16 25 00002
026 17 045 0001
026 17 24 00000
026 17 24 00001
027 00 010 0221
027 00 010 0436
027 00 010 1140
027 00 011 0121
027 00 011 0124
027 00 011 0147
027 00 011 0230
027 00 012 0120
027 00 012 0515
027 00 013 0132
027 00 036 0034
027 00 036 0107
027 00 036 0112
027 00 036 0115
027 00 036 0124
027 00 040 0014
027 00 040 0015
027 00 042 0001
027 00 100 2326
027 00 110 1642
027 00 110 7011
027 00 22 00000
027 00 24 00003
027 00 24 02003
027 00 30 17760
027 01 000 1724
027 01 010 0663
027 01 25 00001
027 01 26 00433
027 01 30 01431
027 01 31 71164
027 02 000 0532
027 02 010 0153
027 02 010 2365
027 03 000 0050
027 03 22 00000
027 04 011 0123
027 04 24 77771
027 05 000 1777
027 05 24 00001
027 05 24 65441
027 07 000 0311
027 07 000 1026
027 07 020 1760
027 10 000 5170
027 10 010 0606
027 10 010 1455
027 10 26 00000
027 11 015 0102
027 11 26 00000
027 12 25 00040
027 13 000 0035
027 13 015 0035
027 13 24 00000
027 15 000 3124
027 15 24 04201
027 16 010 0475
027 16 010 3055
027 16 24 00005
027 17 015 0103
027 17 24 20501
027 17 37 15023
030 00 000 2213
030 00 010 0000
030 00 010 0001
030 00 010 0002
030 00 010 7010
030 00 011 0103
030 00 011 0160
030 00 011 0162
030 00 011 0166
030 00 011 0172
030 00 012 0221
030 00 013 0124
030 00 013 0162
030 00 015 1410
030 00 033 0031
030 00 036 0054
030 00 036 0064
030 00 036 0070
030 00 040 0005
030 00 040 0017
030 00 042 0016
030 00 100 2102
030 00 100 7011
030 00 111 1615
030 00 111 1625
030 00 23 00474
030 00 24 00003
030 00 26 75031
030 00 30 15435
030 00 30 66475
030 01 000 1723
030 02 000 0016
030 02 010 1030
030 03 110 2043
030 05 24 00001
030 05 24 44000
030 05 26 00026
030 06 26 00434
030 07 010 0031
030 07 010 0033
030 07 010 0300
030 07 22 00117
030 07 22 01432
030 07 23 00045
030 07 30 00224
030 07 30 00273
030 10 000 0606
030 10 010 1570
030 11 010 2222
030 12 24 00000
030 13 011 0000
030 13 24 00053
030 13 24 01453
030 14 010 3203
030 15 010 0000
030 16 000 0471
030 16 000 1026
030 16 000 1031
030 16 000 3223
030 16 015 0103
030 16 35 00000
031 00 010 0163
031 00 010 0445
031 00 010 3016
031 00 011 2202
031 00 012 0162
031 00 012 0221
031 00 012 0227
031 00 013 0162
031 00 015 0123
031 00 021 3227
031 00 036 0075
031 00 036 0122
031 00 036 0130
031 00 040 0001
031 00 040 0006
031 00 040 0015
031 00 042 0002
031 00 100 1645
031 00 110 1652
031 00 110 1764
031 00 112 1615
031 00 115 3356
031 00 24 00003
031 00 24 02003
031 00 24 04003
031 00 26 70154
031 01 24 77761
031 01 27 01453
031 02 000 1030
031 03 24 00000
031 05 23 02222
031 05 26 00565
031 06 22 01712
031 06 30 00206
031 07 000 0300
031 07 000 1600
031 07 010 1015
031 07 010 1037
031 07 010 1601
031 07 015 0311
031 07 22 00350
031 07 22 00455
031 07 30 01446
031 10 000 0001
031 10 010 0044
031 10 24 00006
031 10 24 46000
031 12 036 0072
031 14 010 1236
031 14 24 71525
031 14 27 00000
031 15 000 2364
031 15 015 2364
031 15 24 00000
031 16 000 0473
031 16 000 1027
031 16 000 2102
031 16 010 3171
031 16 24 00000
031 16 35 00000
031 17 011 0103
031 17 30 00000
032 00 000 2213
032 00 005 0531
032 00 010 0216
032 00 010 0444
032 00 011 0127
032 00 011 0166
032 00 011 1454
032 00 015 0102
032 00 036 0027
032 00 036 0060
032 00 036 0117
032 00 036 0141
032 00 036 0147
032 00 036 0150
032 00 036 0152
032 00 040 0001
032 00 040 0016
032 00 100 3426
032 00 105 1614
032 00 105 1645
032 00 110 1642
032 00 112 2056
032 00 115 2056
032 00 22 00000
032 00 23 02222
032 00 24 00003
032 00 24 02000
032 00 24 02003
032 00 30 17762
032 00 30 74437
032 02 010 0000
032 03 010 0002
032 03 010 0104
032 03 23 00523
032 03 24 77767
032 03 37 00000
032 04 010 0147
032 04 24 77601
032 04 37 00000
032 06 011 1405
032 07 000 0032
032 07 000 1015
032 07 000 1037
032 07 011 1665
032 07 22 00376
032 10 000 0005
032 10 010 0000
032 11 013 0064
032 13 000 0035
032 13 015 0035
032 13 22 00000
032 13 24 00000
032 13 31 06406
032 14 100 3430
032 15 010 0143
032 15 015 0133
032 15 015 3124
032 15 31 17762
032 15 37 00000
032 16 010 0011
032 16 010 2110
032 16 24 00000
032 17 30 00000
033 00 000 0440
033 00 000 2216
033 00 010 0445
033 00 011 0114
033 00 011 0122
033 00 011 0142
033 00 011 0224
033 00 011 3370
033 00 012 0102
033 00 012 0103
033 00 012 0440
033 00 013 0162
033 00 036 0114
033 00 040 0014
033 00 040 0016
033 00 042 0015
033 00 042 0016
033 00 100 2073
033 00 105 1707
033 00 110 1710
033 00 110 2320
033 00 110 7004
033 00 111 1615
033 00 111 3471
033 00 112 2316
033 00 112 6742
033 00 115 2052
033 00 115 3426
033 00 22 00000
033 00 23 02222
033 00 24 00003
033 00 26 62061
033 00 26 76352
033 00 27 04435
033 00 27 71041
033 00 30 66510
033 01 010 0663
033 01 27 01430
033 02 011 0103
033 02 23 00523
033 04 010 0177
033 05 22 00000
033 05 22 00036
033 05 26 00046
033 05 26 00565
033 06 010 1017
033 07 000 1552
033 07 010 0033
033 07 010 0041
033 07 010 0476
033 07 010 1015
033 07 010 1073
033 07 010 1665
033 07 22 00514
033 07 27 00436
033 10 010 0000
033 10 31 65605
033 10 35 00000
033 11 000 0064
033 13 010 0070
033 15 000 3124
033 16 010 0327
033 16 010 2102
033 16 111 3457
033 16 24 00021
033 16 25 77776
033 16 34 00000
034 00 000 2213
034 00 000 3016
034 00 002 0037
034 00 010 0000
034 00 010 0474
034 00 011 0131
034 00 011 0166
034 00 011 0227
034 00 011 2202
034 00 015 2213
034 00 036 0056
034 00 036 0103
034 00 040 0000
034 00 040 0003
034 00 040 0016
034 00 042 0001
034 00 042 0016
034 00 110 2056
034 00 110 6770
034 00 115 2052
034 00 115 3425
034 00 22 00000
034 00 26 04437
034 00 27 64037
034 00 27 64514
034 00 27 74437
034 00 30 76355
034 01 010 1752
034 01 27 00504
034 03 000 0041
034 03 013 0041
034 04 22 00007
034 05 35 75035
034 06 26 00036
034 06 26 00037
034 07 000 0033
034 07 000 1015
034 07 000 1064
034 07 010 0032
034 07 010 0033
034 07 010 1026
034 07 010 1600
034 07 23 01674
034 07 26 01103
034 07 27 00517
034 07 30 00127
034 07 30 00215
034 07 30 01035
034 10 24 77771
034 10 31 65573
034 13 000 0070
034 13 011 0123
034 14 105 3430
034 15 24 05571
034 15 24 76001
034 15 37 61025
034 16 010 0103
034 16 012 0103
034 16 25 77637
035 00 010 0103
035 00 010 0437
035 00 010 3762
035 00 011 0103
035 00 011 0114
035 00 011 0172
035 00 011 0231
035 00 036 0060
035 00 036 0061
035 00 036 0114
035 00 036 0154
035 00 042 0016
035 00 100 2056
035 00 110 1461
035 00 112 2052
035 00 112 2316
035 00 22 00000
035 00 22 56000
035 00 24 00003
035 00 24 02002
035 00 27 06437
035 01 010 0573
035 01 010 1777
035 01 26 00546
035 01 26 01441
035 02 011 0103
035 05 25 77777
035 05 30 00000
035 07 000 0041
035 07 000 0476
035 07 010 0612
035 07 010 1051
035 07 010 1255
035 07 22 00036
035 07 26 00437
035 07 26 00514
035 07 27 00147
035 07 27 00252
035 07 30 00335
035 07 30 01204
035 10 000 0007
035 11 000 0063
035 11 013 0063
035 13 24 77773
035 13 31 06406
035 14 044 0013
035 15 000 1777
035 16 011 0104
035 16 033 0000
035 16 033 0020
035 16 23 00523
035 17 30 00000
036 00 000 2217
036 00 000 3037
036 00 010 0000
036 00 010 0151
036 00 010 1455
036 00 010 2213
036 00 010 3124
036 00 010 3762
036 00 011 0136
036 00 011 3007
036 00 013 0157
036 00 015 0133
036 00 036 0050
036 00 036 0076
036 00 036 0117
036 00 040 0000
036 00 040 0013
036 00 042 0011
036 00 110 1642
036 00 110 1764
036 00 112 1476
036 00 112 3433
036 00 22 00000
036 00 27 03750
036 00 27 64623
036 00 27 65042
036 00 30 04511
036 00 30 15040
036 00 30 17771
036 01 010 0573
036 02 24 77747
036 04 011 0123
036 04 35 00000
036 04 37 00000
036 05 044 0017
036 05 22 00041
036 05 30 00000
036 06 011 1451
036 07 000 0612
036 07 000 1051
036 07 010 1666
036 07 044 0012
036 07 22 01010
036 07 26 00047
036 07 26 01437
036 07 27 00366
036 10 37 74435
036 12 24 00006
036 14 24 77741
036 15 37 60435
036 16 010 0102
036 16 010 3055
036 16 110 3467
036 16 24 77701
036 16 25 01000
037 00 000 3762
037 00 010 0442
037 00 010 3037
037 00 011 0113
037 00 011 0155
037 00 011 0231
037 00 012 0133
037 00 021 2035
037 00 036 0117
037 00 036 0145
037 00 042 0016
037 00 100 1475
037 00 100 1764
037 00 111 1614
037 00 112 2316
037 00 22 00000
037 00 24 00003
037 00 26 05456
037 00 26 65042
037 00 26 75042
037 00 30 17773
037 00 30 75013
037 01 000 1777
037 01 012 1726
037 02 24 00123
037 03 22 00011
037 05 22 00116
037 05 24 00000
037 05 25 00011
037 05 34 00000
037 06 22 00033
037 06 27 00414
037 06 30 00411
037 07 000 0467
037 07 010 0032
037 07 010 0673
037 07 010 1021
037 07 010 1327
037 07 010 1556
037 07 021 1723
037 07 22 00441
037 07 22 00517
037 07 27 00244
037 07 30 00060
037 10 010 0104
037 10 24 77773
037 10 25 00010
037 11 013 0065
037 11 24 00000
037 13 24 77777
037 14 110 3430
037 15 24 77634
037 15 24 77774
037 15 31 04634
037 16 010 0102
037 16 015 0104
037 16 044 0007
037 16 24 77774
037 16 37 71022
040 00 000 3036
040 00 010 0102
040 00 011 0154
040 00 011 3006
040 00 013 0162
040 00 013 0375
040 00 015 0146
040 00 015 0151
040 00 036 0056
040 00 036 0103
040 00 036 0122
040 00 110 1764
040 00 110 3405
040 00 115 1764
040 00 22 00000
040 00 23 02217
040 00 23 02222
040 00 24 00003
040 00 27 03750
040 00 27 64745
040 01 22 00311
040 01 22 00640
040 01 24 00001
040 01 26 00073
040 01 26 01362
040 01 37 04432
040 03 110 2043
040 03 24 77775
040 03 34 00000
040 03 37 00000
040 04 24 00000
040 04 37 00000
040 05 24 00001
040 07 000 0612
040 07 010 1666
040 07 012 0034
040 07 015 0612
040 07 22 00437
040 07 26 00244
040 07 26 01441
040 11 000 0065
040 13 010 0015
040 13 31 00000
040 14 044 0013
040 14 24 46000
040 15 31 04324
040 15 37 04440
040 16 010 0004
040 16 010 0065
040 16 012 0104
040 16 110 3374
041 00 000 1351
041 00 000 3401
041 00 004 3232
041 00 010 3037
041 00 011 0053
041 00 011 0115
041 00 011 0154
041 00 011 0162
041 00 011 0172
041 00 011 0546
041 00 012 3037
041 00 013 0162
041 00 015 0152
041 00 015 3401
041 00 036 0067
041 00 036 0071
041 00 042 0016
041 00 100 1764
041 00 110 1764
041 00 120 7041
041 00 121 7040
041 00 22 00000
041 00 24 00003
041 00 24 02003
041 00 26 05462
041 00 26 64042
041 00 27 77444
041 00 30 04421
041 00 30 74044
041 01 010 0663
041 01 22 01066
041 02 010 2365
041 03 100 2043
041 04 24 00000
041 05 000 0000
041 06 011 1405
041 07 000 0522
041 07 000 1665
041 07 010 0031
041 07 010 0245
041 07 010 0541
041 07 021 1724
041 07 22 01131
041 07 27 01063
041 10 24 00003
041 10 25 77776
041 11 013 0066
041 15 24 74054
041 15 25 00025
041 15 31 71222
041 16 033 0020
041 16 22 00077
041 16 24 77771
041 16 31 05176
041 16 37 71022
041 17 31 00000
042 00 000 2205
042 00 000 3037
042 00 000 3762
042 00 002 0037
042 00 006 0155
042 00 010 0000
042 00 010 0103
042 00 010 0546
042 00 011 0113
042 00 012 0141
042 00 012 0462
042 00 015 0220
042 00 036 0070
042 00 040 0000
042 00 042 0016
042 00 110 1230
042 00 112 1640
042 00 112 2316
042 00 22 00000
042 00 23 00474
042 00 24 00003
042 00 24 02003
042 00 26 15044
042 00 26 74344
042 01 010 0000
042 01 22 00063
042 01 22 00440
042 01 26 01443
042 02 24 77771
042 03 000 0000
042 03 000 0103
042 03 106 2077
042 03 111 2111
042 04 010 0007
042 04 25 46000
042 05 25 00001
042 05 31 00000
042 05 31 65432
042 06 24 77721
042 06 26 01044
042 07 000 0032
042 07 000 1752
042 07 010 1327
042 07 22 00201
042 07 22 00441
042 07 26 00445
042 07 26 00514
042 07 30 00350
042 10 011 0230
042 10 044 0015
042 10 31 74775
042 11 000 0066
042 12 24 00000
042 13 010 0015
042 13 100 6031
042 14 100 3430
042 15 015 0153
042 15 25 77764
042 15 35 00000
042 16 010 2102
042 16 012 0100
042 16 110 2340
042 16 110 3403
042 16 37 00000
043 00 000 1351
043 00 000 2214
043 00 002 0237
043 00 011 0113
043 00 011 0124
043 00 011 0126
043 00 012 0220
043 00 013 0151
043 00 015 1351
043 00 030 0177
043 00 031 0000
043 00 036 0114
043 00 036 0145
043 00 042 0005
043 00 100 1230
043 00 100 2072
043 00 110 1747
043 00 110 7010
043 00 111 1623
043 00 24 00003
043 00 24 02003
043 00 26 65054
043 00 27 03750
043 00 27 64046
043 00 27 74073
043 01 30 00574
043 02 010 1255
043 02 23 02365
043 03 31 00000
043 03 37 77442
043 06 26 00050
043 07 000 0047
043 07 010 0516
043 07 010 1030
043 07 010 1667
043 07 011 1743
043 07 012 0233
043 07 22 00311
043 07 22 00447
043 07 22 01466
043 07 26 01104
043 07 27 00200
043 07 30 00224
043 10 24 77773
043 11 31 71271
043 13 24 01044
043 13 35 00000
043 13 37 60440
043 14 24 00000
043 15 25 77677
043 15 25 77776
043 15 34 00000
043 16 010 0000
043 16 011 0123
043 16 100 2340
043 16 110 3374
043 16 25 00002
043 16 37 00000
043 17 011 0103
044 00 010 2040
044 00 010 2205
044 00 010 2213
044 00 010 3124
044 00 010 3762
044 00 011 0115
044 00 011 0141
044 00 011 0372
044 00 012 0436
044 00 013 0160
044 00 036 0076
044 00 036 0112
044 00 042 0015
044 00 100 1230
044 00 100 3331
044 00 110 1656
044 00 110 1706
044 00 110 7027
044 00 121 7204
044 00 22 00000
044 00 24 02003
044 00 26 70443
044 00 27 06445
044 00 27 15474
044 00 27 75061
044 00 27 76352
044 00 30 16404
044 01 22 00072
044 01 26 01043
044 02 000 1255
044 02 010 0000
044 02 010 2110
044 03 110 2043
044 05 34 71050
044 06 011 1430
044 06 22 01712
044 07 000 1063
044 07 000 1667
044 07 010 0041
044 07 010 1304
044 07 22 01131
044 07 26 00447
044 11 24 77602
044 12 044 0011
044 13 30 00000
044 14 015 0102
044 14 115 3430
044 15 011 0143
044 15 24 00356
044 15 31 04516
044 15 34 00000
044 16 000 2312
044 16 010 0003
044 16 010 2102
044 16 110 2350
044 16 24 00000
044 16 24 00354
045 00 000 2217
045 00 000 3762
045 00 010 0003
045 00 010 2040
045 00 010 7025
045 00 011 0123
045 00 011 0154
045 00 011 3371
045 00 013 0107
045 00 013 0162
045 00 021 2036
045 00 036 0105
045 00 036 0114
045 00 036 0117
045 00 040 0011
045 00 040 0017
045 00 042 0016
045 00 100 3336
045 00 110 1764
045 00 110 7027
045 00 111 3527
045 00 112 7040
045 00 115 1475
045 00 115 7023
045 00 115 7040
045 00 22 00000
045 00 23 00474
045 00 26 64050
045 00 26 71050
045 00 27 65404
045 00 27 70252
045 00 30 04516
045 01 010 0041
045 01 044 0012
045 01 22 01042
045 01 26 00051
045 02 011 0103
045 02 011 1321
045 02 012 1255
045 05 000 0000
045 05 24 00100
045 05 24 01206
045 06 011 0162
045 07 010 0046
045 07 010 0516
045 07 010 1021
045 07 010 1030
045 07 011 0521
045 07 015 1743
045 07 045 0015
045 07 22 00264
045 07 26 01447
045 10 013 0041
045 12 011 0103
045 13 010 0063
045 14 010 3030
045 14 100 3430
045 14 37 60437
045 16 010 0044
045 16 044 0006
045 16 37 00000
045 17 011 0103
046 00 000 0107
046 00 000 0221
046 00 010 0163
046 00 010 0513
046 00 010 1412
046 00 010 1455
046 00 011 0143
046 00 011 0172
046 00 022 0000
046 00 036 0050
046 00 036 0061
046 00 036 0101
046 00 036 0103
046 00 036 0114
046 00 036 0117
046 00 040 0016
046 00 042 0005
046 00 100 0240
046 00 100 1475
046 00 100 3327
046 00 110 2000
046 00 111 1477
046 00 112 1477
046 00 121 7204
046 00 22 00000
046 00 23 00474
046 00 24 02003
046 00 26 17152
046 00 26 75051
046 00 26 76407
046 00 27 73575
046 00 30 06457
046 01 000 0041
046 01 23 00036
046 01 27 01052
046 02 000 0007
046 03 010 0104
046 03 110 2043
046 05 31 65432
046 06 011 1405
046 06 22 00060
046 07 000 0516
046 07 012 0300
046 07 012 1743
046 07 015 1752
046 07 22 00506
046 07 23 00523
046 07 26 00321
046 10 000 0041
046 10 010 1570
046 10 24 00000
046 10 24 00002
046 10 35 00000
046 12 010 0002
046 12 036 0071
046 13 000 0063
046 13 015 0103
046 13 015 0153
046 15 012 0153
046 15 24 00000
046 16 110 2145
046 17 010 2365
046 17 31 61022
047 00 000 1453
047 00 010 0073
047 00 010 0107
047 00 010 3124
047 00 010 3762
047 00 011 0126
047 00 011 0515
047 00 012 0525
047 00 015 0103
047 00 036 0040
047 00 036 0042
047 00 036 0043
047 00 036 0070
047 00 036 0075
047 00 036 0076
047 00 036 0117
047 00 036 0152
047 00 040 0013
047 00 040 0015
047 00 042 0015
047 00 100 1474
047 00 110 1642
047 00 110 7177
047 00 24 00003
047 00 24 02003
047 00 26 65052
047 00 26 76407
047 00 27 06432
047 00 27 70454
047 00 27 77440
047 00 30 64063
047 01 010 0012
047 01 24 00404
047 01 27 01053
047 02 000 0000
047 02 010 0000
047 02 37 64046
047 03 000 0104
047 04 24 00000
047 04 37 20030
047 05 000 0001
047 05 27 00102
047 06 22 01712
047 06 26 00653
047 07 010 0035
047 07 010 0612
047 07 010 1071
047 07 011 1350
047 07 22 01131
047 07 23 00034
047 07 27 01453
047 07 30 01506
047 10 000 0107
047 10 000 1570
047 10 013 0107
047 11 010 0623
047 13 012 0103
047 13 012 0153
047 13 015 0063
047 13 30 00000
047 14 113 3430
047 15 012 0133
047 15 110 3407
047 15 24 04201
047 15 24 73571
047 15 31 15717
047 16 111 3374
047 16 115 2145
047 16 24 00000
050 00 000 3762
050 00 010 0000
050 00 010 0103
050 00 010 0113
050 00 010 0163
050 00 010 0513
050 00 010 2061
050 00 010 2077
050 00 010 4006
050 00 010 7025
050 00 011 0127
050 00 011 0172
050 00 011 2650
050 00 012 0073
050 00 012 0163
050 00 015 0104
050 00 021 2034
050 00 036 0070
050 00 036 0112
050 00 036 0145
050 00 040 0001
050 00 042 0017
050 00 044 0027
050 00 100 7177
050 00 110 1741
050 00 110 2326
050 00 110 7177
050 00 111 1614
050 00 115 1475
050 00 22 00000
050 00 24 00003
050 00 24 02003
050 00 26 04455
050 00 26 77456
050 00 30 15474
050 00 30 17760
050 00 30 66477
050 00 30 75066
050 01 010 0102
050 01 23 00036
050 01 24 00003
050 02 000 0000
050 03 34 15052
050 04 24 77601
050 05 24 00005
050 05 25 00004
050 05 26 00055
050 05 27 00052
050 06 010 2444
050 07 000 0030
050 07 000 0031
050 07 000 0045
050 07 000 0501
050 07 000 0613
050 07 010 0513
050 07 010 1256
050 07 015 0032
050 07 015 0667
050 07 015 1021
050 07 22 01052
050 07 22 01053
050 07 23 00035
050 07 26 00357
050 07 27 00063
050 07 27 00533
050 07 30 00057
050 07 30 00067
050 07 30 00141
050 07 30 00216
050 07 30 00525
050 10 24 00106
050 10 35 00000
050 11 000 0623
050 11 31 70366
050 12 34 00000
050 13 000 0063
050 13 31 06406
050 14 100 3430
050 14 24 71531
050 15 31 04516
050 16 100 3374
050 16 110 1653
050 16 110 3471
050 17 24 77774
051 00 000 2077
051 00 000 3124
051 00 005 1345
051 00 010 0000
051 00 010 0515
051 00 010 1525
051 00 010 2340
051 00 010 3762
051 00 011 0114
051 00 011 0436
051 00 011 0471
051 00 012 0515
051 00 015 0121
051 00 023 0000
051 00 031 0000
051 00 036 0053
051 00 036 0070
051 00 036 0075
051 00 036 0110
051 00 040 0001
051 00 040 0006
051 00 040 0015
051 00 040 0033
051 00 042 0016
051 00 042 0032
051 00 100 2037
051 00 110 7007
051 00 111 1654
051 00 22 00000
051 00 23 71422
051 00 24 00003
051 00 24 02003
051 00 26 77457
051 01 000 0012
051 01 010 0663
051 01 021 1766
051 01 23 02122
051 01 24 00000
051 02 011 0103
051 04 010 0177
051 04 24 77777
051 05 22 00000
051 05 24 00000
051 07 000 0031
051 07 000 0041
051 07 000 0042
051 07 000 0047
051 07 000 0500
051 07 010 0317
051 07 010 0541
051 07 010 1723
051 07 22 01400
051 07 26 00060
051 07 26 00357
051 07 26 00452
051 07 26 00454
051 07 26 01477
051 07 30 00224
051 10 000 0605
051 10 011 0230
051 11 010 0000
051 11 24 44000
051 12 010 1074
051 12 012 0103
051 12 25 00001
051 12 31 64135
051 13 24 00042
051 15 011 0143
051 15 012 0153
051 16 010 3223
051 16 033 4100
051 16 100 1653
051 16 110 3467
051 16 111 2143
051 16 24 06457
051 17 000 0045
052 00 000 0000
052 00 005 0547
052 00 010 0000
052 00 010 0107
052 00 010 0117
052 00 010 0474
052 00 010 4021
052 00 011 0103
052 00 011 0104
052 00 011 0154
052 00 011 3007
052 00 036 0076
052 00 036 0103
052 00 036 0104
052 00 036 0114
052 00 040 0001
052 00 040 0002
052 00 042 0012
052 00 100 3331
052 00 106 3445
052 00 110 1745
052 00 110 2103
052 00 110 3405
052 00 110 7177
052 00 111 1655
052 00 111 2050
052 00 111 6777
052 00 22 00000
052 00 24 02003
052 00 26 65054
052 00 26 67063
052 00 26 76120
052 00 27 00521
052 00 27 65404
052 00 27 75055
052 00 30 07531
052 00 30 66527
052 01 010 0103
052 01 22 00451
052 01 24 00007
052 01 26 01456
052 02 010 2110
052 04 000 0035
052 04 015 0035
052 04 24 00000
052 05 000 0000
052 05 011 0102
052 06 22 01057
052 06 26 00063
052 06 27 00646
052 07 000 0031
052 07 000 0317
052 07 000 1017
052 07 010 0045
052 07 010 0612
052 07 011 1051
052 07 22 01131
052 07 26 00045
052 07 26 00060
052 07 26 00066
052 07 26 00516
052 07 30 00154
052 07 30 00224
052 07 30 01410
052 10 044 0014
052 10 23 00044
052 10 24 00000
052 11 015 0400
052 12 24 77435
052 15 010 0153
052 15 011 0103
052 16 000 2105
052 16 010 1027
052 16 010 1030
052 16 100 2143
052 16 110 3370
052 16 24 00567
052 17 045 0006
052 17 24 00000
052 17 37 00000
053 00 000 0615
053 00 000 2077
053 00 006 0161
053 00 010 0000
053 00 010 0474
053 00 010 1351
053 00 010 2040
053 00 011 0103
053 00 011 0120
053 00 011 0513
053 00 015 0604
053 00 015 2077
053 00 022 0000
053 00 023 0166
053 00 036 0041
053 00 036 0076
053 00 036 0120
053 00 040 0010
053 00 040 0012
053 00 040 0017
053 00 042 0005
053 00 042 0013
053 00 110 2041
053 00 22 00000
053 00 24 00003
053 00 26 15000
053 00 26 70360
053 00 26 75057
053 00 27 04455
053 00 30 05566
053 00 30 70457
053 01 010 0103
053 01 22 00063
053 01 24 00000
053 01 26 01063
053 02 010 0000
053 02 24 00000
053 02 24 77770
053 03 010 0026
053 04 24 77777
053 05 105 3447
053 05 24 00001
053 05 27 00055
053 05 35 71060
053 06 010 2444
053 06 011 0123
053 07 000 0043
053 07 000 0044
053 07 000 1273
053 07 000 1753
053 07 010 0047
053 07 010 1533
053 07 015 0027
053 07 015 0311
053 07 015 1347
053 07 22 01067
053 07 22 01371
053 07 26 00517
053 07 27 00060
053 07 27 00430
053 07 27 00714
053 07 30 00456
053 10 011 0230
053 10 31 74775
053 11 010 2222
053 12 000 0000
053 12 010 1074
053 14 011 0050
053 14 100 3431
053 15 24 77772
053 15 25 77764
053 16 24 00001
053 16 24 00016
053 16 30 00000
053 16 31 05176
053 17 24 00000
054 00 000 0001
054 00 010 0000
054 00 010 0102
054 00 010 0162
054 00 010 1163
054 00 010 7044
054 00 011 0104
054 00 011 0123
054 00 011 0124
054 00 011 0166
054 00 011 0230
054 00 011 0407
054 00 011 0436
054 00 011 0516
054 00 011 0541
054 00 011 2650
054 00 012 0161
054 00 013 0162
054 00 013 0604
054 00 013 0606
054 00 020 0171
054 00 036 0105
054 00 036 0114
054 00 036 0120
054 00 036 0150
054 00 040 0006
054 00 040 0027
054 00 042 0001
054 00 042 0016
054 00 110 1745
054 00 110 7007
054 00 110 7177
054 00 112 2316
054 00 22 00000
054 00 23 02222
054 00 24 00003
054 00 24 02003
054 00 26 07057
054 00 26 15075
054 00 26 65404
054 00 30 75060
054 02 000 0000
054 03 010 0001
054 03 012 0040
054 04 24 00000
054 05 24 00001
054 06 011 1430
054 06 22 01054
054 07 000 0051
054 07 000 0306
054 07 000 1621
054 07 000 1670
054 07 005 1066
054 07 010 0612
054 07 010 1273
054 07 010 1533
054 07 013 1742
054 07 015 0236
054 07 021 0042
054 07 22 00053
054 07 26 01060
054 10 31 65573
054 11 31 70366
054 12 24 00000
054 12 37 00000
054 14 24 74750
054 15 011 0103
054 15 25 77677
054 15 31 04516
054 15 31 17762
054 15 31 75150
054 15 34 00000
054 16 010 0327
054 16 010 2102
054 16 012 0332
054 16 110 3374
054 16 24 77775
054 16 24 77777
054 17 012 0103
055 00 000 3400
055 00 002 0020
055 00 006 0375
055 00 006 1163
055 00 010 0112
055 00 010 0136
055 00 010 0162
055 00 010 1137
055 00 010 2040
055 00 011 0102
055 00 011 0121
055 00 011 0157
055 00 011 0546
055 00 012 1351
055 00 013 0141
055 00 015 0104
055 00 015 3100
055 00 015 3400
055 00 036 0070
055 00 036 0072
055 00 036 0076
055 00 036 0114
055 00 040 0015
055 00 042 0001
055 00 100 7007
055 00 100 7177
055 00 111 1627
055 00 22 00000
055 00 23 02222
055 00 24 00003
055 00 24 02003
055 00 27 65211
055 00 27 74063
055 01 011 1735
055 01 22 00072
055 01 27 01457
055 01 27 01463
055 02 000 0010
055 03 010 0005
055 03 24 40010
055 05 044 0016
055 05 24 00000
055 06 010 2525
055 06 25 77205
055 07 000 0033
055 07 000 0042
055 07 000 0300
055 07 000 0301
055 07 000 1346
055 07 000 1752
055 07 010 0047
055 07 010 0052
055 07 010 0300
055 07 010 1026
055 07 010 1345
055 07 010 1543
055 07 015 0043
055 07 23 00523
055 07 26 01060
055 07 27 00170
055 07 27 00261
055 07 27 00714
055 07 27 00742
055 07 27 01063
055 10 111 2106
055 10 31 75003
055 11 24 00000
055 11 24 77777
055 11 25 00177
055 13 24 00001
055 14 010 1176
055 14 100 3431
055 14 115 3431
055 15 31 04634
055 15 34 00000
055 15 37 00000
055 16 010 2075
055 16 010 2301
055 16 110 1655
055 16 111 3457
056 00 000 1142
056 00 005 0162
056 00 005 0547
056 00 005 1423
056 00 010 0140
056 00 010 0545
056 00 010 2077
056 00 011 0127
056 00 011 0142
056 00 011 0143
056 00 011 0147
056 00 011 0152
056 00 011 0164
056 00 013 0117
056 00 013 0606
056 00 015 0102
056 00 015 0116
056 00 015 0121
056 00 023 1163
056 00 036 0070
056 00 036 0076
056 00 036 0101
056 00 036 0102
056 00 036 0103
056 00 036 0110
056 00 036 0120
056 00 040 0000
056 00 040 0002
056 00 042 0002
056 00 110 1755
056 00 110 6767
056 00 115 1451
056 00 22 00000
056 00 24 00003
056 00 24 02003
056 00 26 04750
056 00 27 65071
056 00 27 77451
056 00 30 03462
056 00 30 05176
056 00 30 06447
056 00 30 77270
056 01 015 1767
056 01 26 00045
056 01 26 01461
056 01 27 01463
056 02 010 0000
056 02 015 0000
056 02 30 00000
056 03 010 0000
056 03 012 0104
056 04 24 77602
056 05 000 0366
056 07 000 0305
056 07 000 0612
056 07 000 1073
056 07 000 1261
056 07 000 1311
056 07 010 0031
056 07 010 0047
056 07 012 0036
056 07 012 0337
056 07 015 1670
056 07 021 1664
056 07 22 01131
056 07 26 00300
056 12 010 0003
056 13 010 0000
056 14 010 1176
056 14 012 0050
056 14 24 77701
056 15 010 0043
056 15 34 07447
056 16 000 2075
056 16 100 1655
056 16 110 3417
056 17 010 2365
056 17 30 00000
057 00 000 2077
057 00 000 2217
057 00 010 0140
057 00 010 0157
057 00 010 0220
057 00 010 0221
057 00 010 0603
057 00 010 0615
057 00 010 1423
057 00 010 2040
057 00 010 3305
057 00 011 0124
057 00 011 0141
057 00 011 0436
057 00 011 0545
057 00 012 0611
057 00 012 1163
057 00 013 0162
057 00 015 3104
057 00 036 0050
057 00 036 0064
057 00 036 0066
057 00 036 0147
057 00 037 0003
057 00 040 0013
057 00 042 0016
057 00 106 3445
057 00 110 7017
057 00 110 7035
057 00 22 00000
057 00 22 44000
057 00 23 71674
057 00 24 00003
057 00 24 02002
057 00 24 02003
057 00 26 70461
057 00 26 76066
057 00 27 65064
057 00 27 65404
057 00 27 74471
057 00 30 70360
057 01 010 0036
057 01 27 00067
057 02 000 0000
057 02 011 2365
057 03 000 0104
057 03 010 0000
057 05 000 0001
057 05 24 00014
057 05 26 00062
057 05 30 00042
057 06 26 00062
057 07 000 0034
057 07 000 0301
057 07 000 1260
057 07 000 1670
057 07 010 0301
057 07 015 0044
057 07 24 00000
057 07 26 00064
057 07 26 00461
057 07 26 01462
057 07 27 00121
057 07 27 01062
057 10 010 3074
057 11 22 00000
057 12 010 1074
057 14 000 0050
057 15 015 0066
057 15 31 04623
057 15 37 77447
057 16 24 00004
057 16 24 03546
057 16 25 77645
057 16 37 71055
057 17 26 00000
060 00 000 0611
060 00 000 0615
060 00 000 2215
060 00 000 3002
060 00 006 3357
060 00 010 0000
060 00 010 3400
060 00 011 0104
060 00 011 0106
060 00 011 0156
060 00 011 0162
060 00 011 0230
060 00 011 0545
060 00 015 0103
060 00 015 0104
060 00 015 0137
060 00 015 0506
060 00 031 0000
060 00 031 0100
060 00 036 0023
060 00 036 0074
060 00 036 0077
060 00 036 0110
060 00 040 0003
060 00 040 0010
060 00 042 0016
060 00 100 1654
060 00 100 7017
060 00 110 2050
060 00 112 2316
060 00 22 00000
060 00 24 02003
060 00 27 03546
060 00 30 03643
060 00 30 06457
060 00 30 75066
060 02 010 2110
060 02 010 2222
060 02 24 77777
060 04 010 0177
060 06 036 0117
060 06 26 00600
060 07 000 0044
060 07 000 0274
060 07 000 1040
060 07 010 0042
060 07 010 0047
060 07 010 1030
060 07 010 1255
060 07 015 1040
060 07 26 00132
060 07 26 01465
060 07 27 00112
060 07 27 00170
060 07 27 00714
060 07 30 00055
060 07 30 00470
060 10 000 3074
060 10 24 00133
060 12 24 00000
060 14 25 00031
060 15 31 04516
060 16 115 3400
060 16 24 00000
060 16 25 00133
060 16 31 05176
060 16 34 00061
061 00 000 3000
061 00 005 0162
061 00 010 0000
061 00 010 0104
061 00 010 0157
061 00 010 0162
061 00 010 0402
061 00 010 1025
061 00 011 0160
061 00 011 0436
061 00 011 0464
061 00 015 0450
061 00 030 0037
061 00 036 0070
061 00 036 0075
061 00 040 0001
061 00 042 0001
061 00 100 1655
061 00 100 7477
061 00 110 7505
061 00 22 00000
061 00 24 02002
061 00 24 02003
061 00 27 06463
061 00 27 65261
061 00 27 65404
061 00 30 04115
061 00 30 04750
061 01 000 1726
061 01 006 0341
061 02 000 0000
061 02 000 0011
061 02 015 0000
061 02 044 0003
061 03 000 0000
061 03 010 0044
061 04 37 00000
061 05 22 00225
061 05 24 00000
061 06 000 2525
061 06 010 1361
061 06 010 1366
061 06 011 2525
061 06 036 0100
061 07 000 1030
061 07 010 0033
061 07 010 1026
061 07 011 0040
061 07 015 0052
061 07 015 1021
061 07 045 0010
061 07 22 01053
061 07 22 01205
061 07 23 00523
061 07 26 00065
061 07 27 00170
061 07 27 00714
061 07 27 01066
061 07 30 00354
061 11 25 00001
061 11 31 00000
061 13 24 00000
061 14 010 0011
061 15 000 2061
061 15 010 0006
061 15 31 04516
061 16 033 0020
061 16 22 00000
061 16 24 00001
061 16 24 77770
062 00 000 2214
062 00 000 3000
062 00 002 0037
062 00 005 0547
062 00 010 0132
062 00 010 0371
062 00 010 0606
062 00 010 1142
062 00 011 0436
062 00 012 0151
062 00 012 0162
062 00 012 0375
062 00 015 0122
062 00 015 0604
062 00 036 0076
062 00 040 0000
062 00 040 0001
062 00 040 0011
062 00 040 0012
062 00 042 0014
062 00 110 1751
062 00 110 3370
062 00 22 00000
062 00 23 00474
062 00 23 77477
062 00 24 00003
062 00 24 02003
062 00 26 00000
062 00 26 74111
062 01 044 0012
062 01 26 00461
062 01 26 01464
062 01 30 01512
062 02 010 2365
062 02 044 0003
062 02 045 0010
062 02 045 0012
062 02 100 2366
062 02 25 00002
062 03 010 0044
062 06 011 0103
062 06 25 77710
062 06 37 07460
062 07 000 0052
062 07 000 0346
062 07 000 0347
062 07 000 1026
062 07 005 1063
062 07 010 0047
062 07 010 0340
062 07 010 1525
062 07 010 1575
062 07 27 00105
062 07 27 01473
062 07 30 00224
062 07 30 00731
062 10 000 2646
062 10 100 2331
062 10 115 2331
062 12 010 0003
062 12 111 2111
062 12 25 00001
062 12 25 77777
062 15 31 75105
062 15 37 04461
062 16 010 3400
062 16 011 0162
062 17 30 00000
063 00 005 0154
063 00 010 0112
063 00 010 0141
063 00 010 0217
063 00 010 2057
063 00 010 3762
063 00 011 0145
063 00 011 0166
063 00 011 0542
063 00 011 0546
063 00 012 0545
063 00 012 0546
063 00 013 0132
063 00 015 0132
063 00 023 0000
063 00 036 0130
063 00 040 0016
063 00 040 0017
063 00 100 1751
063 00 110 1642
063 00 110 1755
063 00 110 2136
063 00 111 2116
063 00 22 00000
063 00 24 02002
063 00 24 02003
063 00 27 70360
063 00 30 03640
063 00 30 73600
063 01 010 0041
063 01 010 1726
063 01 045 0010
063 01 26 00065
063 01 27 00503
063 02 35 64055
063 03 010 0000
063 04 37 00000
063 06 22 00051
063 07 000 0300
063 07 000 0304
063 07 000 0366
063 07 000 1326
063 07 000 1525
063 07 000 1566
063 07 010 0047
063 07 010 0247
063 07 010 1026
063 07 012 0034
063 07 012 0035
063 07 015 0034
063 07 26 00077
063 07 26 00145
063 07 26 00170
063 07 26 00466
063 10 010 0130
063 10 045 0001
063 12 010 0040
063 12 112 2111
063 12 24 00040
063 13 24 00001
063 15 24 77723
063 16 010 0103
063 16 100 2143
063 16 24 00000
063 16 31 04603
063 16 31 05176
063 16 31 16641
063 17 25 00004
064 00 000 3003
064 00 010 0000
064 00 010 0113
064 00 010 0152
064 00 010 2060
064 00 011 0113
064 00 011 0141
064 00 011 0144
064 00 011 0172
064 00 011 0231
064 00 012 0513
064 00 012 0541
064 00 013 0143
064 00 013 0160
064 00 015 0152
064 00 015 0541
064 00 015 3762
064 00 036 0075
064 00 036 0101
064 00 036 0104
064 00 036 0120
064 00 036 0130
064 00 040 0013
064 00 042 0016
064 00 110 1752
064 00 110 2103
064 00 110 6770
064 00 111 1704
064 00 112 2316
064 00 22 00000
064 00 24 02003
064 00 26 67066
064 00 26 71143
064 01 000 1726
064 01 26 01471
064 01 27 00045
064 01 30 00320
064 02 010 2110
064 02 24 77771
064 06 24 77601
064 06 24 77745
064 07 000 0031
064 07 000 0047
064 07 000 0303
064 07 000 1327
064 07 010 1026
064 07 010 1036
064 07 010 1620
064 07 22 01743
064 07 26 00111
064 07 27 00066
064 07 27 00070
064 07 27 01047
064 12 010 0623
064 12 012 0000
064 12 015 0070
064 13 010 0073
064 13 31 06406
064 14 24 00001
064 15 24 77775
064 15 24 77777
064 15 31 04516
064 16 012 0332
064 16 24 00003
064 16 24 77775
064 16 35 67467
064 17 24 00000
065 00 000 0001
065 00 000 3762
065 00 010 0162
065 00 010 2061
065 00 011 0143
065 00 011 0157
065 00 011 0172
065 00 011 0546
065 00 012 3416
065 00 015 0144
065 00 023 0000
065 00 036 0070
065 00 040 0003
065 00 040 0013
065 00 042 0011
065 00 100 1646
065 00 110 3370
065 00 111 2103
065 00 115 2326
065 00 22 00000
065 00 22 46000
065 00 24 00003
065 00 24 02002
065 00 24 02003
065 00 26 05471
065 00 26 65100
065 00 27 20315
065 00 27 65324
065 01 000 0036
065 01 010 2222
065 01 22 00071
065 01 27 01472
065 02 011 0103
065 02 37 64065
065 05 27 00067
065 06 010 1360
065 06 26 00075
065 07 000 0052
065 07 000 1026
065 07 000 1670
065 07 006 0254
065 07 010 0034
065 07 010 0046
065 07 010 0247
065 07 013 1670
065 07 036 0077
065 07 22 01455
065 07 26 00130
065 07 27 00467
065 07 27 01067
065 07 27 01415
065 07 30 01471
065 12 000 0070
065 15 31 04634
065 16 000 0332
065 16 010 0103
065 16 010 0450
065 16 010 2327
065 16 010 3400
065 16 110 1530
065 16 31 05176
065 16 37 00000
066 00 000 3001
066 00 010 0102
066 00 010 0221
066 00 010 0446
066 00 010 1345
066 00 010 3762
066 00 011 0133
066 00 011 0144
066 00 011 0511
066 00 011 0515
066 00 011 1163
066 00 011 2343
066 00 012 0515
066 00 012 2343
066 00 013 0603
066 00 023 0166
066 00 030 0077
066 00 036 0076
066 00 036 0112
066 00 040 0000
066 00 040 0001
066 00 040 0015
066 00 042 0004
066 00 042 0016
066 00 042 0017
066 00 100 7500
066 00 110 2050
066 00 110 7505
066 00 112 2316
066 00 22 00000
066 00 24 02003
066 01 010 0000
066 01 22 00000
066 01 22 01104
066 05 044 0015
066 06 010 0377
066 07 000 0275
066 07 000 1105
066 07 000 1330
066 07 010 1062
066 07 011 1350
066 07 045 0015
066 07 22 00030
066 07 23 01274
066 07 26 00073
066 07 26 00074
066 07 26 00201
066 07 30 00224
066 07 30 00470
066 07 34 70472
066 12 000 0026
066 12 010 0623
066 12 24 77777
066 13 011 0073
066 13 24 00053
066 15 011 0161
066 15 036 0070
066 15 24 77762
066 15 25 77761
066 16 000 3400
066 16 015 0003
066 16 033 0020
066 16 044 0007
066 16 22 00003
066 16 34 00000
066 17 012 0102
066 17 100 7775
067 00 000 0446
067 00 005 0162
067 00 010 0000
067 00 010 1163
067 00 010 1345
067 00 010 3365
067 00 011 1163
067 00 012 0162
067 00 012 0513
067 00 012 1163
067 00 015 0103
067 00 036 0047
067 00 036 0050
067 00 036 0074
067 00 036 0141
067 00 037 0003
067 00 040 0001
067 00 040 0002
067 00 040 0013
067 00 040 0016
067 00 042 0010
067 00 042 0016
067 00 110 1752
067 00 110 7000
067 00 22 00000
067 00 23 77500
067 00 24 00003
067 00 24 02002
067 00 26 00000
067 00 26 74064
067 00 26 77447
067 00 27 05471
067 00 27 64072
067 00 27 65326
067 01 000 0000
067 01 010 0037
067 01 015 1726
067 01 27 01472
067 02 010 0102
067 03 010 0050
067 03 044 0004
067 07 000 0043
067 07 000 0046
067 07 000 0052
067 07 000 0311
067 07 000 0571
067 07 010 0034
067 07 010 1073
067 07 012 0046
067 07 013 0336
067 07 015 0032
067 07 015 0052
067 07 22 00461
067 07 26 01072
067 07 26 01476
067 10 013 0005
067 12 000 0040
067 12 000 0100
067 12 000 0623
067 12 015 0040
067 12 24 77761
067 12 35 00000
067 14 012 0000
067 15 011 0121
067 15 015 0102
067 15 126 3453
067 15 31 17762
067 15 35 00000
067 16 100 1530
067 16 110 3400
067 16 24 00001
067 16 35 06507
067 17 010 0071
067 17 044 0005
070 00 000 2204
070 00 000 3005
070 00 005 1172
070 00 010 0113
070 00 010 0442
070 00 010 0611
070 00 010 3001
070 00 010 7254
070 00 011 0172
070 00 011 0231
070 00 011 0513
070 00 012 1163
070 00 015 0073
070 00 017 0373
070 00 031 0100
070 00 036 0060
070 00 036 0063
070 00 036 0105
070 00 036 0110
070 00 037 0003
070 00 040 0004
070 00 110 2326
070 00 22 00000
070 00 23 02222
070 00 24 02003
070 00 26 75074
070 00 26 76072
070 00 27 67472
070 01 000 0037
070 01 012 0103
070 01 015 1770
070 01 30 00065
070 01 30 01205
070 02 011 0103
070 02 23 02222
070 03 010 0005
070 03 24 00000
070 04 010 0007
070 05 24 00000
070 05 35 07471
070 06 22 00065
070 06 27 00072
070 07 000 0031
070 07 000 0033
070 07 000 0034
070 07 015 1021
070 07 015 1036
070 07 22 00066
070 07 22 00071
070 07 22 01070
070 07 23 01274
070 07 23 01311
070 07 26 00072
070 07 26 00364
070 07 30 00224
070 12 000 0040
070 13 24 01071
070 15 000 1133
070 15 010 2122
070 16 100 3403
070 16 110 3457
070 16 25 77777
070 16 31 05176
070 16 37 00000
070 17 000 0000
070 17 011 0102
070 17 011 0103
071 00 000 2213
071 00 006 0000
071 00 010 0542
071 00 011 0225
071 00 011 0545
071 00 011 0546
071 00 012 0436
071 00 014 2204
071 00 036 0106
071 00 040 0003
071 00 040 0012
071 00 040 0016
071 00 040 0017
071 00 042 0010
071 00 042 0013
071 00 100 2326
071 00 100 7501
071 00 110 3405
071 00 110 7505
071 00 22 00000
071 00 24 00003
071 00 24 02002
071 00 26 06473
071 00 27 77436
071 01 012 0102
071 01 22 00062
071 01 26 01070
071 01 26 01475
071 01 26 01625
071 03 000 0002
071 03 000 0050
071 03 23 00010
071 04 24 00000
071 05 036 0100
071 06 010 1362
071 06 24 00000
071 06 37 00000
071 07 000 1036
071 07 000 1071
071 07 000 1744
071 07 010 0107
071 07 021 0312
071 07 22 00105
071 07 22 00112
071 07 22 01464
071 07 23 01547
071 07 26 00175
071 07 27 00473
071 07 30 00224
071 10 010 0026
071 10 24 00000
071 10 37 00000
071 11 34 00000
071 12 010 1074
071 12 25 00001
071 12 37 00000
071 13 010 0000
071 13 30 00000
071 15 015 0153
071 15 044 0032
071 15 24 00000
071 15 24 77775
071 16 010 0050
071 16 110 3461
071 16 25 77775
071 17 22 00000
072 00 000 1345
072 00 000 3006
072 00 010 0221
072 00 010 0324
072 00 010 0531
072 00 010 1345
072 00 010 2122
072 00 011 0104
072 00 011 0114
072 00 011 0506
072 00 011 0515
072 00 012 2650
072 00 015 0147
072 00 036 0037
072 00 036 0103
072 00 036 0105
072 00 040 0000
072 00 040 0001
072 00 040 0010
072 00 040 0014
072 00 042 0006
072 00 042 0016
072 00 042 0017
072 00 111 2050
072 00 22 00000
072 00 23 77501
072 00 24 02003
072 00 26 00000
072 00 26 03750
072 00 30 04442
072 01 021 1766
072 01 22 00000
072 01 26 01075
072 02 24 00011
072 04 24 00000
072 04 31 00000
072 06 010 0177
072 06 22 00067
072 06 24 70502
072 07 000 0047
072 07 000 0052
072 07 010 0031
072 07 22 00105
072 07 23 00031
072 07 23 00035
072 07 26 00077
072 07 26 00125
072 07 30 00113
072 11 24 46000
072 11 25 77777
072 12 010 0240
072 12 25 77764
072 13 24 01445
072 14 37 00000
072 15 012 0153
072 15 126 3456
072 15 24 00000
072 15 31 04405
072 15 37 00000
072 16 010 0103
072 16 010 0104
072 16 015 0103
072 16 036 0113
072 16 24 00001
072 16 24 77741
072 16 25 71600
072 17 100 7740
072 17 110 7043
073 00 000 0324
073 00 000 1172
073 00 000 2215
073 00 010 0073
073 00 010 0442
073 00 010 3762
073 00 011 0107
073 00 011 0172
073 00 011 3313
073 00 015 0113
073 00 031 0000
073 00 036 0060
073 00 036 0102
073 00 036 0142
073 00 037 0013
073 00 040 0016
073 00 042 0003
073 00 110 1751
073 00 110 3433
073 00 22 00000
073 00 24 02002
073 00 26 05501
073 01 011 0103
073 01 015 1771
073 01 045 0002
073 01 22 00077
073 03 015 0071
073 04 35 00000
073 06 010 1363
073 06 011 1436
073 07 000 1753
073 07 010 0033
073 07 011 1746
073 07 012 0310
073 07 22 00100
073 07 26 00224
073 07 26 01502
073 07 27 00070
073 07 34 70475
073 10 011 0040
073 10 011 0050
073 11 22 00000
073 12 24 00000
073 12 34 00000
073 13 100 6031
073 14 010 0011
073 15 010 0102
073 15 010 0153
073 15 110 1530
073 15 24 77775
073 16 010 2102
073 16 010 2110
073 16 011 0142
073 16 033 0020
073 16 100 3461
073 16 22 00000
073 16 25 06200
073 16 31 07275
073 17 100 7744
073 17 110 7162
073 17 25 70235
073 17 34 07545
074 00 000 0615
074 00 000 3007
074 00 000 3030
074 00 000 3762
074 00 010 0000
074 00 010 0124
074 00 010 0162
074 00 010 0163
074 00 011 0127
074 00 011 0156
074 00 012 0117
074 00 015 0140
074 00 033 0000
074 00 036 0076
074 00 036 0110
074 00 040 0000
074 00 040 0015
074 00 040 0017
074 00 042 0016
074 00 24 00003
074 00 24 02000
074 00 26 73134
074 00 26 76113
074 00 27 74543
074 00 30 04461
074 01 27 01510
074 03 000 0071
074 05 010 2122
074 06 010 1364
074 06 26 00125
074 06 30 00100
074 07 010 0052
074 07 010 0303
074 07 010 1752
074 07 015 0047
074 07 22 00065
074 07 26 00077
074 07 26 00111
074 07 26 01116
074 07 26 01476
074 07 27 00224
074 10 000 0040
074 11 22 00000
074 12 010 1074
074 12 25 00070
074 15 000 1134
074 15 24 77763
074 15 31 04516
074 15 37 00000
074 16 24 00620
074 16 31 05176
074 17 000 0000
074 17 27 00000
074 17 30 00000
075 00 000 3033
075 00 010 0000
075 00 010 0003
075 00 010 0153
075 00 010 0156
075 00 011 0515
075 00 012 0103
075 00 012 0513
075 00 015 0117
075 00 015 0162
075 00 015 3000
075 00 020 0000
075 00 036 0070
075 00 036 0103
075 00 036 0134
075 00 040 0000
075 00 040 0001
075 00 040 0002
075 00 042 0006
075 00 042 0014
075 00 042 0016
075 00 100 3337
075 00 100 3364
075 00 112 2316
075 00 115 1462
075 00 22 00000
075 00 24 00003
075 00 24 02002
075 00 27 64130
075 00 30 16404
075 01 010 0330
075 01 25 00001
075 02 045 0003
075 02 31 73613
075 03 010 0007
075 03 010 0052
075 03 25 00003
075 06 25 00177
075 07 000 0620
075 07 000 0633
075 07 010 0041
075 07 010 0046
075 07 010 1021
075 07 010 1026
075 07 22 01116
075 10 044 0016
075 12 24 77773
075 14 010 0161
075 14 35 00000
075 15 22 00000
075 15 31 04516
075 15 31 04623
075 16 033 0020
075 17 044 0015
076 00 000 0000
076 00 000 2217
076 00 000 3000
076 00 010 0474
076 00 010 0506
076 00 010 0546
076 00 010 1455
076 00 011 0153
076 00 011 0160
076 00 011 0166
076 00 011 1163
076 00 012 0142
076 00 012 0156
076 00 015 0605
076 00 020 0000
076 00 036 0075
076 00 036 0076
076 00 036 0114
076 00 036 0151
076 00 036 0152
076 00 040 0000
076 00 040 0010
076 00 040 0012
076 00 040 0016
076 00 042 0002
076 00 110 2067
076 00 110 3371
076 00 22 00000
076 00 23 02222
076 00 24 02002
076 00 24 02003
076 00 27 65431
076 00 30 04607
076 01 22 00645
076 01 26 01100
076 01 27 01504
076 03 000 0052
076 07 000 0036
076 07 000 1026
076 07 010 0031
076 07 010 1670
076 07 22 00075
076 07 23 01274
076 07 23 01753
076 07 26 01502
076 10 000 0050
076 10 000 0130
076 10 012 0050
076 10 31 66717
076 11 010 2000
076 12 24 77775
076 14 010 3030
076 15 010 0102
076 15 24 00000
076 15 34 07477
076 15 37 00000
076 16 012 0003
076 17 31 15404
077 00 005 0375
077 00 010 0000
077 00 010 3305
077 00 011 0103
077 00 011 0172
077 00 011 0231
077 00 011 0515
077 00 011 0620
077 00 011 1163
077 00 012 0156
077 00 015 0141
077 00 036 0076
077 00 036 0102
077 00 036 0125
077 00 040 0000
077 00 040 0010
077 00 040 0012
077 00 040 0017
077 00 042 0001
077 00 042 0010
077 00 042 0016
077 00 100 2035
077 00 100 2053
077 00 110 2330
077 00 112 2316
077 00 22 00000
077 00 24 02003
077 00 26 06515
077 00 26 67505
077 00 27 04503
077 01 045 0012
077 01 27 00153
077 01 30 01447
077 03 000 0075
077 06 37 00000
077 07 000 0031
077 07 000 1021
077 07 000 1751
077 07 010 0033
077 07 010 1030
077 07 010 1753
077 07 22 00062
077 07 22 01445
077 07 27 00502
077 10 013 0041
077 10 045 0003
077 10 110 2331
077 10 24 00000
077 12 010 0006
077 12 30 00000
077 13 010 0001
077 14 010 3030
077 15 000 1135
077 15 015 0153
077 16 010 0000
077 16 033 0020
077 16 110 3370
077 16 110 3374
077 16 23 00001
077 16 37 00000
077 17 31 15364
077 17 31 61053
100 00 000 0376
100 00 000 2213
100 00 010 0103
100 00 010 0155
100 00 010 0605
100 00 010 0620
100 00 010 2077
100 00 011 0103
100 00 011 0124
100 00 011 0140
100 00 011 0154
100 00 015 0130
100 00 015 0526
100 00 015 2075
100 00 015 2077
100 00 030 0037
100 00 036 0054
100 00 036 0075
100 00 040 0000
100 00 040 0016
100 00 100 3346
100 00 110 1745
100 00 110 2053
100 00 110 7163
100 00 111 2136
100 00 115 7037
100 00 22 00000
100 00 26 06520
100 00 26 15724
100 00 26 74104
100 00 26 74544
100 00 27 06264
100 00 27 15145
100 00 27 65451
100 00 30 03466
100 01 011 0102
100 01 22 01431
100 01 26 01504
100 01 27 00102
100 02 000 1317
100 02 010 0000
100 02 013 0531
100 05 25 00011
100 07 000 0035
100 07 000 0046
100 07 010 0036
100 07 010 0707
100 07 012 0303
100 07 22 00511
100 07 30 00133
100 10 000 0041
100 10 011 3053
100 12 24 00000
100 12 25 00001
100 13 045 0016
100 13 24 77766
100 13 27 00000
100 13 31 00000
100 14 010 0102
100 15 31 04516
100 15 31 75105
100 16 033 4000
100 16 100 3374
100 16 110 3405
100 16 24 00000
100 17 27 00000
101 00 000 2077
101 00 000 2213
101 00 000 2214
101 00 010 0000
101 00 010 0007
101 00 010 2425
101 00 010 2645
101 00 010 2662
101 00 011 0137
101 00 011 0513
101 00 011 0521
101 00 012 0117
101 00 015 0162
101 00 015 2076
101 00 036 0114
101 00 036 0117
101 00 040 0021
101 00 100 2322
101 00 100 2330
101 00 110 1422
101 00 110 2035
101 00 110 2067
101 00 110 2323
101 00 112 2330
101 00 22 00000
101 00 24 02002
101 00 26 04503
101 00 27 71516
101 00 27 77444
101 00 30 03742
101 01 010 0573
101 01 010 1726
101 01 011 0103
101 01 012 0645
101 01 22 00451
101 01 26 01262
101 01 27 01067
101 02 000 0000
101 02 000 0531
101 04 015 0123
101 06 30 00000
101 07 000 0036
101 07 000 0041
101 07 000 0302
101 07 010 0303
101 07 011 1777
101 07 015 1021
101 07 22 00252
101 07 22 01601
101 07 24 00011
101 07 27 00104
101 10 000 1150
101 10 012 0031
101 10 110 2331
101 11 24 00000
101 13 010 0001
101 13 25 77777
101 14 010 1176
101 14 24 77777
101 15 24 00000
101 15 24 77774
101 15 31 75105
101 16 010 0103
101 16 100 3405
101 16 110 2147
101 16 34 00000
101 17 011 0102
102 00 000 2215
102 00 000 2662
102 00 000 3367
102 00 000 3517
102 00 010 0000
102 00 010 0142
102 00 010 0145
102 00 010 0177
102 00 010 0221
102 00 010 0442
102 00 010 0513
102 00 010 1025
102 00 010 2523
102 00 011 0105
102 00 011 0146
102 00 011 0152
102 00 011 0154
102 00 011 0172
102 00 011 1163
102 00 015 3036
102 00 021 0140
102 00 036 0031
102 00 036 0130
102 00 040 0004
102 00 040 0006
102 00 042 0003
102 00 042 0027
102 00 110 2035
102 00 110 2314
102 00 110 3525
102 00 110 7027
102 00 115 7023
102 00 22 00000
102 00 24 00003
102 00 24 02003
102 00 27 05630
102 00 27 06515
102 00 27 63504
102 00 27 65106
102 00 30 04607
102 01 010 1726
102 01 22 01070
102 01 27 01067
102 03 000 0000
102 03 30 00000
102 05 22 00046
102 05 24 70642
102 06 044 0011
102 07 000 0030
102 07 000 0044
102 07 015 1304
102 07 22 00144
102 07 22 00511
102 07 26 00115
102 07 27 01105
102 07 30 00032
102 07 30 01504
102 10 24 05630
102 11 000 1777
102 11 24 00001
102 12 25 00002
102 12 35 00000
102 12 37 00000
102 13 35 00000
102 15 31 04516
102 16 110 3461
102 16 31 03643
102 16 31 05176
102 16 31 16641
102 17 010 0102
102 17 30 00000
103 00 010 0041
103 00 010 0442
103 00 010 0526
103 00 011 0131
103 00 011 0155
103 00 011 0164
103 00 011 0172
103 00 011 3413
103 00 012 0163
103 00 013 0132
103 00 013 0157
103 00 015 0546
103 00 036 0054
103 00 036 0070
103 00 036 0106
103 00 036 0151
103 00 040 0015
103 00 042 0001
103 00 042 0014
103 00 100 1422
103 00 110 1747
103 00 111 3433
103 00 22 00000
103 00 23 00474
103 00 24 00003
103 00 24 02003
103 00 26 70617
103 00 30 64742
103 00 30 73556
103 01 010 1726
103 01 27 00112
103 01 30 00465
103 01 30 01240
103 03 010 0006
103 04 25 00001
103 04 35 00000
103 05 24 00000
103 05 24 00005
103 06 045 0014
103 06 24 77771
103 06 27 01105
103 07 000 0107
103 07 000 1304
103 07 010 0042
103 07 015 0316
103 07 044 0001
103 07 22 01503
103 07 26 00125
103 07 27 01512
103 07 30 01040
103 11 25 00001
103 11 37 00000
103 12 010 0000
103 12 24 00006
103 14 25 00001
103 15 015 0153
103 15 100 7166
103 15 24 04217
103 15 24 77763
103 16 26 00000
103 17 011 0103
104 00 000 0000
104 00 000 3413
104 00 010 0000
104 00 010 0221
104 00 010 0231
104 00 010 0474
104 00 010 2213
104 00 010 2222
104 00 011 0140
104 00 011 0145
104 00 011 0155
104 00 011 0231
104 00 012 2145
104 00 015 0117
104 00 036 0023
104 00 036 0070
104 00 036 0076
104 00 040 0002
104 00 040 0016
104 00 040 0017
104 00 042 0016
104 00 042 0017
104 00 106 2355
104 00 112 2316
104 00 115 1546
104 00 22 00000
104 00 22 62334
104 00 24 00003
104 00 26 05514
104 00 26 15145
104 00 26 16403
104 00 27 05374
104 01 000 0002
104 01 010 0103
104 01 22 00746
104 01 26 01107
104 02 010 0103
104 03 010 0000
104 05 22 00000
104 06 011 1414
104 06 24 77602
104 07 000 0037
104 07 000 1713
104 07 010 1344
104 07 011 0047
104 07 22 00112
104 07 22 01107
104 07 22 01546
104 07 26 00106
104 07 26 00770
104 07 27 00074
104 07 30 00000
104 10 000 1025
104 10 24 00057
104 11 24 77775
104 12 000 0000
104 12 24 00000
104 15 010 0103
104 15 010 1702
104 15 25 00014
104 15 31 00000
104 15 37 00000
104 16 100 3461
104 17 010 2365
104 17 34 00000
105 00 010 0000
105 00 010 0073
105 00 010 1455
105 00 010 3355
105 00 011 0073
105 00 011 0103
105 00 011 0104
105 00 013 0606
105 00 015 0123
105 00 040 0000
105 00 040 0013
105 00 042 0001
105 00 042 0010
105 00 100 7016
105 00 110 1755
105 00 110 7011
105 00 110 7027
105 00 111 2135
105 00 112 7016
105 00 23 02215
105 00 24 00003
105 00 24 02000
105 00 26 06517
105 00 27 04507
105 00 27 07415
105 00 27 65020
105 01 012 0637
105 01 25 76377
105 02 010 0016
105 02 015 0000
105 03 010 0000
105 03 24 00623
105 04 044 0014
105 06 000 0007
105 07 000 0334
105 07 000 1742
105 07 010 1032
105 07 010 1064
105 07 22 00111
105 07 22 00360
105 07 22 00547
105 07 22 01220
105 07 23 00035
105 07 26 00112
105 07 27 00126
105 07 27 00456
105 07 27 01510
105 07 27 01567
105 10 000 2040
105 11 22 00003
105 11 24 00000
105 12 000 0117
105 12 010 0006
105 13 011 0012
105 14 24 00007
105 14 31 00000
105 15 011 0102
105 15 31 00000
105 15 31 04405
105 15 35 00000
105 16 010 0000
105 16 010 2222
105 16 23 71666
105 16 24 77771
105 16 31 05176
105 17 000 2365
105 17 24 00071
106 00 002 0037
106 00 002 0101
106 00 010 0000
106 00 010 0007
106 00 010 0124
106 00 010 0442
106 00 010 3367
106 00 011 0104
106 00 011 0116
106 00 011 0230
106 00 011 0515
106 00 011 0541
106 00 012 0123
106 00 015 0104
106 00 015 0155
106 00 036 0075
106 00 036 0116
106 00 040 0003
106 00 100 7011
106 00 110 7030
106 00 111 7023
106 00 22 00000
106 00 22 62333
106 00 24 00003
106 00 24 02003
106 00 26 05514
106 00 27 15133
106 00 30 03462
106 00 30 17771
106 00 30 75176
106 01 26 00546
106 02 000 2110
106 02 010 0017
106 03 000 0000
106 03 010 0011
106 05 31 00000
106 06 24 77771
106 06 26 00111
106 06 37 70505
106 07 010 0467
106 07 22 00104
106 07 22 00131
106 07 22 00231
106 07 27 01162
106 07 27 01527
106 07 30 01047
106 07 30 01205
106 10 011 0101
106 10 011 0103
106 12 000 0006
106 12 24 00000
106 13 24 00000
106 13 37 00000
106 14 010 1176
106 14 26 00000
106 15 010 0103
106 15 27 00000
106 16 044 0032
106 16 24 00000
106 16 24 75124
106 16 34 67512
106 17 010 0102
106 17 015 0103
107 00 000 0000
107 00 000 0001
107 00 000 2213
107 00 000 2221
107 00 010 0103
107 00 011 0112
107 00 011 0132
107 00 012 0163
107 00 013 0153
107 00 015 0103
107 00 036 0105
107 00 036 0113
107 00 040 0004
107 00 042 0001
107 00 100 3370
107 00 110 2105
107 00 110 7010
107 00 110 7023
107 00 22 00000
107 00 23 00474
107 00 24 00003
107 00 26 03750
107 00 26 07530
107 00 26 70222
107 00 27 67512
107 00 30 04377
107 00 30 06474
107 00 30 17773
107 01 26 00211
107 02 000 3171
107 02 010 0020
107 02 011 0103
107 03 010 0001
107 05 22 00000
107 05 25 00100
107 06 37 70507
107 07 000 0033
107 07 000 0042
107 07 000 0046
107 07 010 1026
107 07 012 0301
107 07 22 00515
107 07 22 01760
107 07 26 00113
107 07 30 00112
107 07 30 01625
107 10 010 0053
107 10 011 0103
107 10 34 15120
107 12 000 0140
107 12 010 0573
107 12 013 0117
107 13 011 0073
107 14 010 3130
107 14 24 00000
107 15 22 01702
107 15 24 04217
107 15 30 00000
107 16 24 01300
107 16 24 77774
107 16 24 77775
107 17 010 0102
107 17 015 0103
107 17 044 0032
110 00 010 0127
110 00 010 0130
110 00 010 0134
110 00 010 3016
110 00 011 0117
110 00 013 0153
110 00 015 0104
110 00 020 0234
110 00 036 0050
110 00 040 0000
110 00 040 0001
110 00 040 0005
110 00 040 0015
110 00 042 0007
110 00 042 0016
110 00 100 3427
110 00 100 7010
110 00 110 1422
110 00 110 1642
110 00 110 2316
110 00 111 7001
110 00 22 00000
110 00 23 00474
110 00 24 02003
110 00 27 62000
110 00 30 04442
110 00 30 04465
110 01 27 01067
110 02 010 0000
110 02 010 0001
110 02 012 0335
110 06 010 1164
110 07 000 1026
110 07 010 0046
110 07 010 1026
110 07 011 0035
110 07 011 0301
110 07 015 1037
110 07 045 0016
110 07 22 00323
110 07 22 00515
110 07 23 00036
110 07 23 01744
110 07 26 00153
110 07 26 01114
110 07 26 01525
110 07 27 00113
110 07 27 01511
110 07 30 00241
110 10 31 06347
110 10 31 67513
110 11 24 00001
110 12 000 0117
110 12 000 0160
110 14 24 00000
110 15 22 00015
110 16 015 0000
110 16 033 0117
110 16 100 3400
110 16 24 00000
110 16 24 76051
110 17 24 04477
111 00 000 0103
111 00 010 0000
111 00 010 0162
111 00 010 0440
111 00 010 3003
111 00 010 3267
111 00 010 3762
111 00 011 0105
111 00 011 0141
111 00 011 0172
111 00 011 0231
111 00 011 5171
111 00 023 0000
111 00 033 0147
111 00 033 4115
111 00 036 0076
111 00 036 0100
111 00 036 0101
111 00 040 0000
111 00 042 0016
111 00 100 1516
111 00 100 6003
111 00 100 7626
111 00 110 1764
111 00 121 1444
111 00 22 00000
111 00 24 00003
111 00 24 02003
111 00 26 15521
111 00 26 76512
111 00 27 73575
111 00 30 06413
111 01 27 01500
111 01 30 01205
111 01 30 01362
111 02 010 2110
111 02 011 0103
111 03 000 0066
111 03 000 0077
111 03 011 0033
111 03 015 0066
111 05 24 00005
111 07 000 0334
111 07 000 1026
111 07 000 1037
111 07 22 00547
111 07 23 00036
111 07 27 01400
111 07 27 01515
111 10 110 2331
111 10 24 77777
111 12 000 0260
111 12 011 0102
111 12 22 00071
111 13 24 00000
111 14 24 00001
111 15 24 14000
111 15 31 00000
111 15 31 17516
111 16 000 0000
111 16 015 0000
111 16 033 0000
111 16 110 2147
111 16 31 04603
111 17 24 02214
111 17 24 77775
112 00 010 0000
112 00 010 0003
112 00 010 0125
112 00 010 0151
112 00 010 0221
112 00 010 3001
112 00 010 3267
112 00 011 0000
112 00 011 0147
112 00 011 0220
112 00 012 0526
112 00 013 0604
112 00 036 0044
112 00 036 0114
112 00 036 0130
112 00 040 0006
112 00 040 0015
112 00 042 0002
112 00 042 0005
112 00 042 0015
112 00 043 0001
112 00 043 0002
112 00 100 3333
112 00 100 6005
112 00 110 1614
112 00 110 2316
112 00 110 7023
112 00 115 1464
112 00 22 62335
112 00 24 00003
112 00 26 06264
112 00 27 65157
112 00 27 67117
112 00 30 03462
112 00 30 04442
112 00 30 04503
112 01 000 1726
112 01 22 00106
112 01 27 01067
112 02 010 0024
112 02 015 0103
112 03 000 0033
112 03 010 0075
112 05 120 2111
112 05 24 00001
112 06 000 1164
112 07 000 0046
112 07 000 0333
112 07 000 1755
112 07 010 0275
112 07 010 1031
112 07 044 0001
112 07 24 00000
112 07 26 01214
112 07 26 01574
112 07 27 00120
112 07 30 00102
112 10 011 0230
112 12 000 0220
112 14 24 00000
112 15 010 0102
112 15 22 01102
112 15 24 77720
112 15 35 00000
112 16 010 0004
112 16 044 0002
112 16 110 3370
112 17 011 0103
113 00 000 0446
113 00 000 3001
113 00 011 0110
113 00 011 0124
113 00 011 0154
113 00 011 0513
113 00 012 0142
113 00 012 0153
113 00 012 0163
113 00 012 0546
113 00 015 0142
113 00 015 0446
113 00 036 0033
113 00 036 0050
113 00 036 0103
113 00 036 0150
113 00 040 0000
113 00 040 0014
113 00 042 0003
113 00 042 0016
113 00 043 0003
113 00 110 3361
113 00 110 3451
113 00 111 3443
113 00 24 02003
113 00 26 62120
113 00 27 04503
113 00 30 62076
113 01 010 0663
113 01 012 1726
113 01 021 0336
113 01 25 00400
113 01 25 01400
113 01 27 01515
113 02 010 0035
113 03 24 77772
113 04 25 00025
113 05 24 21531
113 05 25 00010
113 05 27 00360
113 05 37 71513
113 06 26 00125
113 06 26 01120
113 07 000 0036
113 07 000 1312
113 07 000 1575
113 07 010 0030
113 07 010 0046
113 07 010 0305
113 07 010 1073
113 07 010 1526
113 07 010 1566
113 07 013 1732
113 07 22 01546
113 07 26 00115
113 07 26 00120
113 07 26 01400
113 07 27 00120
113 07 27 00160
113 07 27 00350
113 07 30 00252
113 07 30 00515
113 10 044 0001
113 12 000 0000
113 12 24 77776
113 13 010 0000
113 15 100 7432
113 15 23 01075
113 15 31 00000
113 15 31 17253
113 16 033 0020
113 16 100 2147
113 16 22 00004
113 16 24 00022
113 16 26 00000
113 17 000 0000
114 00 000 0000
114 00 010 0000
114 00 010 0107
114 00 010 0162
114 00 010 1345
114 00 010 3762
114 00 011 0130
114 00 011 0150
114 00 011 0545
114 00 012 0152
114 00 012 0436
114 00 013 0606
114 00 015 0147
114 00 015 3441
114 00 036 0101
114 00 036 0144
114 00 040 0006
114 00 040 0010
114 00 042 0011
114 00 100 1657
114 00 110 1646
114 00 110 1764
114 00 110 7003
114 00 110 7023
114 00 22 00000
114 00 24 00003
114 00 26 62120
114 00 27 21531
114 00 30 64711
114 01 26 00122
114 01 26 01524
114 01 26 01542
114 02 010 0034
114 02 011 0102
114 03 010 0000
114 03 010 0066
114 03 31 06527
114 04 25 00225
114 05 24 00000
114 06 24 00000
114 07 000 0042
114 07 000 0046
114 07 000 0341
114 07 000 0621
114 07 000 1760
114 07 006 1747
114 07 011 1774
114 07 012 0341
114 07 012 1276
114 07 015 0043
114 07 22 00130
114 07 22 01247
114 07 26 00124
114 07 26 00135
114 07 30 00104
114 07 30 00252
114 07 30 00273
114 10 011 0103
114 10 011 2303
114 10 26 00000
114 10 31 65573
114 12 000 0020
114 12 010 0573
114 13 23 76031
114 13 24 01515
114 14 24 00000
114 15 010 0102
114 15 24 00000
114 15 31 17771
114 16 010 0327
114 16 015 0104
114 16 37 71512
114 17 24 02220
115 00 000 0402
115 00 000 0406
115 00 000 2061
115 00 000 3441
115 00 000 3762
115 00 002 0107
115 00 010 0221
115 00 010 0513
115 00 010 2651
115 00 011 0104
115 00 011 0132
115 00 011 0143
115 00 012 0113
115 00 012 0163
115 00 013 0162
115 00 036 0043
115 00 036 0077
115 00 036 0102
115 00 036 0111
115 00 036 0124
115 00 040 0000
115 00 040 0013
115 00 041 0003
115 00 042 0005
115 00 042 0015
115 00 110 7030
115 00 22 00000
115 00 22 62333
115 00 24 00003
115 00 24 02003
115 00 30 04477
115 00 30 70774
115 01 010 1234
115 02 010 0332
115 02 015 0335
115 03 010 0006
115 03 24 01400
115 05 24 00000
115 06 011 1401
115 06 24 00000
115 07 000 1756
115 07 000 1757
115 07 010 0044
115 07 010 1600
115 07 012 0342
115 07 045 0003
115 07 26 00120
115 07 26 00135
115 07 26 00517
115 07 26 01576
115 07 27 01517
115 07 30 00051
115 07 30 00615
115 07 30 01156
115 11 31 00000
115 11 31 07127
115 12 000 0573
115 13 22 00000
115 13 24 01542
115 13 31 06406
115 14 010 0153
115 15 24 77740
115 15 31 15717
115 15 31 17760
115 16 012 0332
115 16 033 0020
115 16 111 3457
115 16 31 05224
115 17 010 0000
116 00 000 2213
116 00 000 2651
116 00 010 0000
116 00 010 0142
116 00 010 1455
116 00 011 0126
116 00 011 0140
116 00 011 0162
116 00 011 0436
116 00 012 0162
116 00 012 0375
116 00 015 0000
116 00 033 0000
116 00 036 0070
116 00 036 0101
116 00 040 0000
116 00 040 0005
116 00 040 0015
116 00 040 0016
116 00 040 0017
116 00 041 0001
116 00 041 0002
116 00 110 3424
116 00 110 7035
116 00 110 7777
116 00 22 62333
116 00 24 02000
116 00 24 02003
116 00 26 64570
116 00 26 76334
116 00 27 03750
116 01 010 1722
116 01 26 00000
116 01 26 01521
116 01 27 01067
116 02 000 0335
116 02 012 0000
116 02 24 77771
116 03 000 0034
116 05 24 00043
116 06 30 00000
116 07 000 0031
116 07 000 0316
116 07 000 1752
116 07 000 1753
116 07 010 0044
116 07 010 0046
116 07 010 0333
116 07 011 1746
116 07 012 1276
116 07 045 0016
116 07 22 00222
116 07 26 00131
116 07 26 00523
116 07 26 01525
116 07 27 00052
116 07 30 00162
116 10 011 0103
116 10 111 2106
116 14 015 0127
116 14 24 77771
116 15 100 7432
116 15 113 7432
116 15 22 00000
116 15 31 04516
116 16 24 77764
116 16 31 00000
116 16 31 04715
117 00 000 0000
117 00 000 0402
117 00 010 0000
117 00 010 0163
117 00 011 0513
117 00 011 0515
117 00 011 2650
117 00 012 0140
117 00 012 0513
117 00 012 0546
117 00 015 0143
117 00 032 0000
117 00 036 0102
117 00 040 0011
117 00 042 0001
117 00 042 0016
117 00 100 7777
117 00 110 0134
117 00 110 1747
117 00 110 7014
117 00 111 2050
117 00 24 00003
117 00 26 04532
117 00 27 21533
117 00 27 64521
117 00 30 04217
117 00 30 04405
117 00 30 76166
117 01 015 0347
117 02 010 0033
117 02 010 2365
117 02 23 02365
117 04 121 2111
117 04 24 77741
117 05 26 00123
117 06 011 1430
117 06 22 00000
117 06 25 76000
117 07 000 0622
117 07 000 1276
117 07 000 1762
117 07 010 0036
117 07 010 0350
117 07 010 1600
117 07 011 0044
117 07 22 00123
117 07 22 00370
117 07 22 00515
117 07 26 01520
117 07 26 01576
117 07 30 00121
117 07 30 00263
117 07 30 01566
117 11 010 0000
117 11 27 00000
117 13 24 01206
117 14 24 00000
117 15 24 00000
117 15 24 00017
117 15 24 77777
117 16 010 0000
117 16 011 0103
117 16 015 0000
117 16 110 2147
117 16 24 00000
117 16 24 00002
117 16 24 01451
120 00 000 2213
120 00 000 2214
120 00 006 0000
120 00 010 0113
120 00 010 0221
120 00 010 1516
120 00 010 2214
120 00 011 0127
120 00 011 0162
120 00 011 0172
120 00 012 0162
120 00 012 0372
120 00 012 0546
120 00 012 3324
120 00 023 0166
120 00 030 0077
120 00 031 0000
120 00 036 0023
120 00 036 0070
120 00 036 0075
120 00 036 0076
120 00 036 0140
120 00 036 0142
120 00 040 0001
120 00 040 0011
120 00 040 0017
120 00 042 0001
120 00 042 0007
120 00 110 2035
120 00 112 7010
120 00 22 00000
120 00 24 02003
120 00 26 04124
120 00 27 04547
120 00 27 74004
120 00 30 03462
120 01 044 0016
120 01 045 0016
120 01 26 01067
120 02 010 0002
120 02 010 2365
120 03 000 0065
120 03 010 0003
120 03 015 0065
120 06 010 1403
120 06 24 77730
120 07 000 0031
120 07 000 0047
120 07 000 0113
120 07 010 0046
120 07 010 0311
120 07 010 1330
120 07 045 0005
120 07 22 00123
120 07 22 01522
120 07 23 00036
120 07 26 00300
120 07 30 00132
120 11 010 0011
120 11 22 00000
120 12 010 0000
120 13 045 0016
120 14 23 00001
120 14 24 00000
120 14 25 77777
120 15 010 0000
120 15 010 3063
120 15 100 7432
120 15 113 7432
120 16 000 0000
120 16 115 3417
120 16 31 16722
120 16 37 62110
120 17 036 0074
121 00 000 0001
121 00 010 0324
121 00 010 1345
121 00 010 1455
121 00 010 2213
121 00 011 0172
121 00 011 2647
121 00 015 0006
121 00 015 0140
121 00 017 0327
121 00 020 0234
121 00 036 0043
121 00 036 0076
121 00 036 0077
121 00 036 0130
121 00 036 0152
121 00 036 0156
121 00 040 0005
121 00 040 0010
121 00 040 0015
121 00 040 0016
121 00 042 0015
121 00 042 0016
121 00 100 1554
121 00 100 3427
121 00 110 1764
121 00 110 2103
121 00 110 2316
121 00 110 2322
121 00 111 7027
121 00 22 00000
121 00 24 00003
121 00 24 02003
121 00 26 05350
121 00 30 05176
121 00 30 67113
121 02 010 2365
121 03 000 0115
121 03 010 0000
121 03 015 0033
121 04 25 77777
121 04 34 00000
121 05 015 0000
121 05 26 00224
121 06 24 73630
121 06 37 70521
121 07 000 0046
121 07 000 0300
121 07 000 1754
121 07 010 0311
121 07 010 0366
121 07 010 1063
121 07 010 1566
121 07 010 1621
121 07 012 1742
121 07 22 00311
121 07 22 00555
121 07 23 00036
121 07 26 00714
121 07 26 01524
121 07 27 00217
121 07 30 00123
121 11 35 00000
121 12 010 0007
121 15 31 04516
121 15 31 75105
121 16 100 3417
121 16 110 3467
121 16 24 00000
121 17 24 00000
121 17 31 15712
122 00 000 1455
122 00 005 0547
122 00 010 0000
122 00 010 2213
122 00 011 0107
122 00 011 0111
122 00 011 0130
122 00 011 0160
122 00 011 0231
122 00 011 0470
122 00 012 0172
122 00 012 0220
122 00 012 7010
122 00 013 0162
122 00 013 0604
122 00 015 0141
122 00 015 0220
122 00 015 1451
122 00 015 7010
122 00 031 0100
122 00 036 0024
122 00 036 0037
122 00 036 0066
122 00 036 0072
122 00 036 0075
122 00 036 0151
122 00 036 0152
122 00 040 0000
122 00 040 0001
122 00 040 0014
122 00 040 0016
122 00 040 0017
122 00 042 0005
122 00 042 0014
122 00 100 2053
122 00 100 2103
122 00 100 7777
122 00 110 3346
122 00 111 7005
122 00 115 7777
122 00 22 62337
122 00 27 04524
122 00 27 66722
122 00 30 05176
122 01 015 0102
122 01 27 01126
122 02 010 0002
122 02 010 0033
122 02 010 0332
122 03 000 0033
122 03 010 0075
122 03 013 0000
122 03 24 06544
122 04 011 0162
122 04 045 0010
122 05 026 0535
122 05 27 00113
122 07 000 0046
122 07 000 1063
122 07 010 0031
122 07 010 0042
122 07 010 1025
122 07 010 1040
122 07 010 1667
122 07 22 01224
122 07 23 01312
122 07 27 00261
122 07 27 01525
122 07 30 00263
122 10 000 1137
122 12 30 00000
122 14 34 00000
122 15 036 0100
122 15 22 00000
122 15 31 04516
122 16 010 0100
122 16 31 00000
122 16 31 05176
123 00 002 0036
123 00 002 0037
123 00 002 0237
123 00 010 0000
123 00 010 3075
123 00 011 0112
123 00 011 0122
123 00 011 0125
123 00 011 0515
123 00 012 0000
123 00 012 0172
123 00 012 0470
123 00 013 0513
123 00 015 0113
123 00 015 0172
123 00 036 0050
123 00 036 0060
123 00 036 0070
123 00 036 0074
123 00 036 0102
123 00 036 0105
123 00 040 0012
123 00 040 0013
123 00 042 0015
123 00 110 1640
123 00 110 2035
123 00 110 7177
123 00 112 6742
123 00 22 00000
123 00 22 62333
123 00 24 00003
123 00 24 02003
123 00 26 76110
123 00 27 05350
123 00 27 06547
123 00 30 05610
123 01 013 0571
123 01 26 00152
123 02 010 0035
123 02 22 00000
123 03 000 0000
123 03 000 0054
123 03 010 0000
123 03 010 0006
123 03 015 0054
123 03 24 00000
123 04 24 00005
123 06 013 1162
123 06 24 76030
123 07 000 0031
123 07 000 1067
123 07 010 1066
123 07 011 0046
123 07 013 1705
123 07 015 0300
123 07 22 00155
123 07 23 00042
123 07 26 01524
123 07 27 01764
123 11 22 00000
123 11 24 00000
123 12 000 0007
123 13 24 00001
123 15 010 0006
123 15 24 00000
123 15 24 00017
123 16 000 1605
123 16 015 0104
123 16 015 1605
123 16 036 0110
123 16 24 00000
123 16 24 77771
123 16 24 77775
123 16 25 00001
123 16 30 00000
123 16 31 04603
123 17 036 0020
123 17 31 15263
124 00 000 0331
124 00 010 0132
124 00 010 0155
124 00 010 0156
124 00 010 0221
124 00 010 0231
124 00 010 3325
124 00 011 0231
124 00 011 0436
124 00 011 0521
124 00 011 1163
124 00 011 3053
124 00 011 3762
124 00 012 0000
124 00 012 0513
124 00 013 0132
124 00 013 0606
124 00 015 0103
124 00 015 0526
124 00 015 0605
124 00 015 2077
124 00 023 0166
124 00 031 0000
124 00 036 0060
124 00 036 0070
124 00 036 0076
124 00 037 0003
124 00 040 0011
124 00 040 0015
124 00 040 0016
124 00 040 0017
124 00 042 0011
124 00 042 0016
124 00 100 1475
124 00 100 7177
124 00 22 00000
124 00 24 00003
124 00 26 03502
124 00 26 06534
124 00 26 15774
124 00 26 75341
124 00 27 15133
124 00 27 74174
124 00 30 03462
124 01 000 0571
124 01 26 01130
124 02 010 0033
124 02 110 2366
124 02 22 00000
124 03 000 0000
124 03 010 0000
124 03 012 0062
124 03 012 0075
124 04 37 00000
124 05 26 00132
124 07 000 1066
124 07 000 1752
124 07 010 0030
124 07 010 0031
124 07 010 1600
124 07 010 1715
124 07 011 0046
124 07 22 01522
124 07 22 01577
124 07 26 00535
124 07 26 01122
124 07 27 00127
124 07 30 00110
124 07 30 01526
124 10 24 77540
124 12 24 77763
124 14 23 02122
124 14 30 00000
124 15 011 0123
124 15 036 0100
124 15 100 7434
124 15 37 04120
124 16 010 1442
124 16 011 0152
124 16 24 00000
124 16 24 01264
124 16 24 77700
124 16 31 05176
124 17 24 00000
125 00 000 0000
125 00 000 2077
125 00 002 0237
125 00 005 0155
125 00 010 0000
125 00 010 0442
125 00 010 0542
125 00 010 2077
125 00 011 0104
125 00 011 0115
125 00 011 0143
125 00 011 0513
125 00 013 0162
125 00 015 0121
125 00 015 0141
125 00 015 0154
125 00 020 0000
125 00 036 0043
125 00 036 0064
125 00 036 0077
125 00 036 0102
125 00 036 0153
125 00 040 0004
125 00 040 0013
125 00 042 0002
125 00 042 0014
125 00 042 0016
125 00 100 1554
125 00 100 3426
125 00 110 1475
125 00 110 1757
125 00 110 4126
125 00 110 5126
125 00 111 2050
125 00 112 2316
125 00 115 1554
125 00 22 00000
125 00 24 00003
125 00 24 02003
125 00 26 04144
125 00 26 64527
125 00 30 77471
125 01 010 1040
125 01 045 0013
125 01 27 01130
125 02 010 0002
125 02 23 02365
125 03 012 0062
125 04 010 2122
125 04 25 00001
125 05 26 00130
125 06 000 1007
125 06 011 1414
125 06 22 00073
125 06 25 77777
125 07 000 0045
125 07 000 1063
125 07 000 1547
125 07 000 1600
125 07 010 0034
125 07 010 0042
125 07 010 1067
125 07 011 0046
125 07 013 1063
125 07 22 01130
125 07 22 01531
125 07 27 00127
125 07 27 01122
125 10 34 00000
125 11 35 00000
125 11 35 61130
125 12 012 2364
125 13 044 0016
125 14 010 0102
125 14 22 00700
125 15 011 0000
125 15 23 72366
125 16 010 0100
125 16 010 0324
125 16 24 00000
125 17 012 0103
126 00 000 0000
126 00 000 2077
126 00 011 0131
126 00 011 0172
126 00 011 0464
126 00 012 0513
126 00 036 0050
126 00 036 0104
126 00 036 0107
126 00 037 0003
126 00 040 0006
126 00 040 0016
126 00 040 0017
126 00 042 0011
126 00 110 0231
126 00 110 1757
126 00 110 3426
126 00 110 7000
126 00 22 00000
126 00 24 00003
126 00 26 70216
126 00 27 06534
126 00 27 64704
126 00 27 70535
126 01 000 1040
126 01 22 01521
126 01 26 00171
126 02 000 0002
126 02 010 2365
126 02 37 00000
126 03 000 0062
126 03 010 0007
126 03 015 0103
126 05 26 00000
126 05 26 00130
126 06 010 0612
126 06 22 00072
126 06 34 00000
126 07 000 0047
126 07 000 0311
126 07 000 1255
126 07 000 1256
126 07 010 1026
126 07 010 1715
126 07 012 0274
126 07 012 1030
126 07 22 00122
126 07 26 00531
126 07 26 01244
126 07 27 00363
126 07 30 01130
126 07 30 01505
126 10 25 77777
126 11 24 20141
126 12 000 0000
126 12 015 0000
126 12 045 0010
126 12 37 00000
126 13 22 00537
126 13 24 00000
126 13 25 77776
126 15 011 0103
126 15 100 7530
126 15 25 77776
126 15 31 17760
126 16 000 0324
126 16 011 0123
126 16 033 4106
126 16 25 00002
126 16 34 04531
126 16 37 00000
126 16 37 71524
126 17 25 77770
127 00 005 0526
127 00 006 0161
127 00 010 0000
127 00 010 0162
127 00 010 0611
127 00 010 1453
127 00 010 2077
127 00 011 0146
127 00 011 0220
127 00 011 0546
127 00 022 0000
127 00 023 0000
127 00 036 0076
127 00 036 0102
127 00 036 0110
127 00 036 0154
127 00 037 0007
127 00 040 0004
127 00 040 0006
127 00 040 0014
127 00 040 0017
127 00 042 0005
127 00 042 0007
127 00 100 1554
127 00 100 1757
127 00 110 7027
127 00 23 72316
127 00 24 02003
127 00 26 76155
127 01 000 0003
127 01 010 1234
127 01 22 00000
127 01 22 00136
127 01 24 77773
127 01 26 00136
127 01 27 01067
127 02 010 0033
127 02 010 0332
127 02 012 0335
127 02 100 2366
127 02 24 00000
127 05 24 00000
127 05 26 00132
127 06 011 1436
127 06 013 1007
127 07 000 1755
127 07 011 1525
127 07 22 00137
127 07 22 00310
127 07 22 01224
127 07 27 00563
127 07 30 00000
127 07 30 00614
127 07 30 01125
127 10 010 0663
127 10 011 0103
127 11 30 00000
127 12 24 00001
127 13 24 00000
127 15 37 00000
127 16 000 0000
127 16 110 3413
127 16 110 3467
127 16 24 00000
127 16 24 01530
127 16 31 00000
127 16 31 05176
127 17 011 0123
127 17 24 00000
127 17 24 20501
130 00 000 1130
130 00 010 0220
130 00 010 0611
130 00 010 2221
130 00 010 5167
130 00 011 0124
130 00 011 0157
130 00 011 0230
130 00 011 0516
130 00 011 1164
130 00 012 0507
130 00 012 0546
130 00 013 1130
130 00 015 0106
130 00 015 0155
130 00 015 0331
130 00 021 3227
130 00 036 0047
130 00 036 0075
130 00 036 0101
130 00 036 0107
130 00 036 0120
130 00 036 0150
130 00 040 0016
130 00 042 0002
130 00 110 1763
130 00 112 1554
130 00 23 62334
130 00 26 65453
130 00 26 66433
130 00 27 74132
130 00 27 75135
130 00 30 07050
130 01 010 0331
130 01 044 0017
130 01 26 01532
130 01 26 01537
130 01 27 01532
130 02 010 0002
130 02 036 0100
130 03 010 0000
130 03 010 0005
130 03 015 0052
130 05 24 00120
130 05 30 00172
130 06 012 0611
130 06 015 1441
130 06 24 00001
130 06 27 00215
130 07 000 0046
130 07 000 0623
130 07 010 0033
130 07 010 1031
130 07 011 0035
130 07 045 0013
130 07 22 00124
130 07 22 00155
130 07 26 00160
130 07 26 01160
130 07 27 00131
130 07 27 00154
130 07 27 01513
130 12 30 00000
130 13 010 0015
130 13 015 0000
130 13 22 00000
130 13 24 77771
130 14 010 1176
130 14 24 00000
130 15 010 0034
130 15 044 0010
130 15 31 04516
130 15 31 15717
130 16 010 3223
130 16 044 0002
130 16 044 0006
130 16 110 3413
130 16 22 77777
130 17 036 0074
130 17 24 77774
131 00 010 0000
131 00 010 0106
131 00 010 0156
131 00 010 1351
131 00 010 2122
131 00 011 0117
131 00 011 0132
131 00 011 0140
131 00 011 0200
131 00 011 0234
131 00 011 0521
131 00 012 0140
131 00 012 0163
131 00 012 0606
131 00 013 0604
131 00 015 0615
131 00 015 3052
131 00 023 1163
131 00 036 0033
131 00 036 0070
131 00 040 0013
131 00 042 0017
131 00 100 2322
131 00 100 7017
131 00 100 7167
131 00 110 1762
131 00 110 3525
131 00 110 7031
131 00 111 1544
131 00 112 3427
131 00 22 00000
131 00 24 02003
131 00 26 07142
131 00 26 70226
131 00 26 71533
131 00 27 77632
131 01 000 0001
131 01 011 0003
131 01 044 0002
131 01 30 01541
131 02 010 0002
131 02 010 2365
131 02 011 0103
131 03 000 0052
131 03 011 0116
131 04 036 0124
131 04 22 00000
131 05 24 44400
131 06 000 0010
131 06 26 00533
131 07 000 0624
131 07 010 0042
131 07 010 0334
131 07 010 0612
131 07 010 1026
131 07 010 1752
131 07 013 0046
131 07 033 0000
131 07 22 00134
131 07 22 01534
131 07 23 01547
131 07 26 00267
131 07 27 01520
131 07 30 00132
131 14 010 0003
131 15 010 2365
131 15 100 7463
131 15 30 00000
131 15 31 04324
131 15 31 04607
131 15 31 04634
131 15 34 00000
131 16 011 0103
131 16 115 3411
131 16 24 77775
131 16 37 00000
131 17 25 00001
132 00 000 0331
132 00 010 0000
132 00 010 0331
132 00 010 0442
132 00 010 0474
132 00 010 7025
132 00 011 0121
132 00 011 0154
132 00 011 0166
132 00 011 0513
132 00 011 0516
132 00 011 0546
132 00 012 0163
132 00 012 1163
132 00 012 1410
132 00 013 0107
132 00 015 3360
132 00 022 0000
132 00 023 0000
132 00 036 0076
132 00 036 0105
132 00 036 0120
132 00 036 0124
132 00 037 0013
132 00 040 0002
132 00 040 0004
132 00 040 0007
132 00 040 0010
132 00 040 0021
132 00 042 0001
132 00 100 3424
132 00 100 7164
132 00 110 0000
132 00 110 1435
132 00 110 2051
132 00 110 2070
132 00 24 00003
132 00 26 06536
132 00 27 07541
132 00 27 67247
132 00 27 74174
132 00 27 76135
132 01 011 1755
132 01 25 01400
132 01 26 00134
132 02 010 0002
132 03 000 0116
132 05 24 00000
132 05 25 77777
132 05 34 00000
132 06 020 1460
132 07 000 0277
132 07 000 0625
132 07 000 1743
132 07 000 1752
132 07 010 0035
132 07 010 0613
132 07 010 1036
132 07 012 1030
132 07 015 0510
132 07 015 1715
132 07 044 0001
132 07 26 00133
132 07 27 00155
132 07 27 00541
132 07 30 00000
132 07 30 01716
132 10 24 00000
132 10 30 00000
132 15 044 0016
132 15 100 7462
132 16 010 0000
132 16 110 3374
132 16 22 00000
132 17 000 0001
133 00 010 0000
133 00 010 0103
133 00 010 0221
133 00 010 1455
133 00 011 0106
133 00 011 0116
133 00 011 0123
133 00 011 0521
133 00 011 1163
133 00 011 1164
133 00 012 0166
133 00 012 0220
133 00 013 0162
133 00 013 0166
133 00 015 0436
133 00 015 0604
133 00 021 0234
133 00 023 0000
133 00 036 0034
133 00 036 0041
133 00 036 0073
133 00 036 0102
133 00 036 0110
133 00 040 0004
133 00 040 0005
133 00 040 0016
133 00 042 0006
133 00 042 0010
133 00 042 0011
133 00 042 0015
133 00 100 3537
133 00 110 1554
133 00 110 1741
133 00 110 7167
133 00 111 2123
133 00 115 2052
133 00 24 02003
133 00 26 15552
133 00 26 65453
133 00 27 04536
133 01 020 0001
133 02 000 0002
133 02 010 1317
133 02 010 2365
133 02 011 0103
133 02 044 0016
133 04 010 0102
133 04 22 00000
133 06 000 1444
133 06 24 76001
133 07 000 0031
133 07 000 0044
133 07 000 1036
133 07 000 1126
133 07 000 1550
133 07 006 0026
133 07 010 0045
133 07 010 0622
133 07 010 1051
133 07 010 1063
133 07 010 1273
133 07 011 0027
133 07 015 1373
133 07 22 00323
133 07 22 01127
133 07 26 00236
133 07 26 00442
133 07 26 00447
133 07 27 00154
133 07 30 00112
133 10 010 0000
133 10 045 0003
133 12 044 0003
133 12 24 00000
133 12 37 00000
133 14 000 0003
133 14 26 00000
133 15 010 0071
133 16 000 3115
133 16 012 0003
133 16 015 0103
133 16 100 1530
133 16 100 3530
133 16 110 3370
133 16 23 71666
133 16 24 77777
134 00 005 0162
134 00 010 0440
134 00 010 0444
134 00 011 0136
134 00 011 0166
134 00 011 0513
134 00 012 0156
134 00 012 0515
134 00 012 1164
134 00 015 0115
134 00 015 0141
134 00 020 0234
134 00 036 0026
134 00 036 0040
134 00 036 0060
134 00 036 0117
134 00 036 0120
134 00 036 0152
134 00 040 0000
134 00 040 0007
134 00 040 0013
134 00 040 0014
134 00 040 0021
134 00 100 2036
134 00 100 3426
134 00 100 3540
134 00 100 7165
134 00 110 1741
134 00 110 7220
134 00 111 1547
134 00 22 00000
134 00 23 03232
134 00 24 02003
134 00 26 67134
134 00 26 67152
134 00 26 76161
134 00 27 07541
134 00 30 05176
134 00 30 67247
134 01 010 0001
134 01 22 01671
134 01 26 00000
134 01 26 01542
134 01 27 00171
134 02 010 0001
134 02 010 0040
134 02 010 2110
134 02 010 2365
134 03 015 0051
134 06 017 1014
134 06 22 00132
134 06 30 00000
134 07 000 0041
134 07 000 0042
134 07 000 0622
134 07 000 1535
134 07 010 1355
134 07 010 1603
134 07 012 0663
134 07 021 0512
134 07 22 00110
134 07 23 01744
134 07 26 00141
134 07 27 00236
134 07 27 00542
134 10 010 0044
134 10 24 00003
134 11 30 00000
134 12 22 00000
134 13 010 0073
134 15 100 7472
134 15 37 00000
134 16 010 2772
134 16 110 3467
134 16 126 3453
134 16 31 00000
134 16 37 00000
135 00 000 0444
135 00 010 0000
135 00 011 0107
135 00 011 0147
135 00 011 0156
135 00 011 0172
135 00 012 0141
135 00 031 0000
135 00 031 0100
135 00 036 0100
135 00 036 0102
135 00 036 0104
135 00 040 0010
135 00 040 0015
135 00 040 0016
135 00 042 0005
135 00 100 1555
135 00 100 7167
135 00 110 1537
135 00 110 2116
135 00 111 1544
135 00 112 2050
135 00 115 2050
135 00 22 00000
135 00 27 07541
135 01 26 01223
135 01 27 00131
135 02 000 0335
135 02 011 0103
135 02 012 0335
135 02 24 00011
135 03 000 0043
135 03 000 0051
135 03 22 00000
135 05 27 00306
135 06 013 3777
135 06 31 70476
135 07 000 0663
135 07 000 1036
135 07 010 0044
135 07 010 0312
135 07 011 0047
135 07 012 0663
135 07 012 1752
135 07 012 1755
135 07 015 0103
135 07 015 0511
135 07 015 1036
135 07 22 00000
135 07 22 00117
135 07 22 01131
135 07 26 00542
135 07 26 01150
135 07 27 00153
135 07 27 01313
135 10 31 06347
135 11 015 0103
135 12 010 2364
135 13 010 0040
135 15 100 7473
135 15 31 04516
135 16 22 00000
135 16 23 00000
135 16 31 05176
135 17 000 0002
135 17 24 00000
135 17 30 00000
136 00 006 0151
136 00 010 0000
136 00 010 0162
136 00 010 0177
136 00 010 5170
136 00 011 0147
136 00 011 0152
136 00 011 0172
136 00 011 2650
136 00 036 0030
136 00 036 0031
136 00 036 0041
136 00 036 0070
136 00 036 0100
136 00 040 0005
136 00 100 1646
136 00 110 2051
136 00 110 3363
136 00 110 6746
136 00 111 2050
136 00 22 00000
136 00 23 02222
136 00 23 77165
136 00 24 00003
136 00 24 02003
136 01 044 0016
136 01 045 0005
136 02 010 0453
136 02 036 0100
136 03 015 0066
136 06 24 02000
136 06 26 00141
136 06 27 01142
136 06 30 00031
136 06 37 21535
136 07 000 0040
136 07 000 0313
136 07 000 1751
136 07 010 0045
136 07 010 1062
136 07 010 1126
136 07 012 0103
136 07 22 00555
136 07 22 00715
136 07 23 00056
136 07 24 00001
136 07 26 00261
136 07 26 01140
136 10 010 0663
136 10 036 0100
136 11 30 00000
136 12 000 2364
136 12 31 00000
136 13 000 0040
136 13 010 0001
136 13 011 0073
136 14 010 0000
136 14 24 00011
136 15 110 6042
136 16 036 0100
136 16 24 00000
136 16 24 00620
136 17 010 1050
136 17 25 77777
137 00 010 0163
137 00 010 0221
137 00 011 0141
137 00 011 0154
137 00 011 0172
137 00 011 2647
137 00 012 0110
137 00 012 0526
137 00 013 0143
137 00 015 0102
137 00 021 0234
137 00 033 4035
137 00 036 0063
137 00 036 0076
137 00 040 0002
137 00 100 2051
137 00 100 3426
137 00 100 3427
137 00 100 7166
137 00 111 2050
137 00 112 2050
137 00 22 00000
137 00 23 77164
137 00 26 76162
137 00 27 15175
137 00 27 70604
137 00 30 05176
137 01 27 01362
137 02 000 0001
137 02 010 0033
137 02 012 0001
137 03 000 0052
137 03 000 0066
137 03 015 0052
137 04 010 0147
137 05 31 65432
137 06 26 00550
137 07 010 1752
137 07 015 0103
137 07 26 00146
137 07 26 00152
137 07 27 00543
137 07 27 00545
137 07 27 01541
137 07 30 00053
137 07 30 01134
137 12 25 00001
137 13 010 0026
137 13 045 0005
137 15 044 0032
137 15 24 00000
137 17 000 1440
137 17 31 00000
137 17 31 07404
137 17 34 64167
140 00 000 2216
140 00 010 0134
140 00 010 0221
140 00 010 0605
140 00 010 2040
140 00 011 0230
140 00 011 0436
140 00 011 0506
140 00 011 2445
140 00 012 0144
140 00 012 0611
140 00 013 0606
140 00 015 3101
140 00 020 0234
140 00 036 0050
140 00 036 0104
140 00 036 0106
140 00 036 0130
140 00 036 0152
140 00 042 0015
140 00 111 7112
140 00 112 3426
140 00 112 7166
140 00 24 02003
140 00 26 74647
140 00 26 75306
140 00 27 07404
140 00 30 04442
140 01 24 77775
140 02 010 0010
140 02 24 00000
140 05 24 70650
140 06 013 1007
140 07 000 1026
140 07 010 0054
140 07 010 1751
140 07 011 1026
140 07 011 1062
140 07 012 0103
140 07 22 00117
140 12 010 2364
140 12 22 00000
140 13 000 0026
140 15 010 0101
140 15 31 75150
140 16 011 0153
141 00 000 0611
141 00 010 0160
141 00 010 0221
141 00 010 0437
141 00 010 0607
141 00 010 2040
141 00 010 5171
141 00 011 0105
141 00 011 0140
141 00 011 0513
141 00 013 0162
141 00 020 0234
141 00 036 0076
141 00 040 0006
141 00 040 0016
141 00 042 0016
141 00 100 3521
141 00 110 1646
141 00 110 1764
141 00 110 7211
141 00 22 00000
141 00 24 00003
141 00 26 76146
141 00 27 70617
141 00 27 77145
141 01 26 00143
141 01 30 00000
141 01 30 01543
141 02 011 0103
141 03 010 0006
141 04 015 0123
141 05 26 00143
141 06 011 0073
141 07 000 0042
141 07 000 0307
141 07 000 1274
141 07 000 1751
141 07 22 00134
141 07 26 00155
141 07 26 01543
141 12 31 00000
141 13 22 00000
141 15 22 00000
141 15 24 00000
141 15 31 04516
141 15 31 75105
141 16 010 2102
141 16 044 0033
141 16 110 3407
141 16 115 3413
141 16 31 05176
141 16 37 00000
141 17 010 0123
141 17 013 0002
142 00 010 0000
142 00 010 0221
142 00 010 0467
142 00 010 0600
142 00 010 0606
142 00 010 3444
142 00 011 0143
142 00 011 0150
142 00 011 0515
142 00 011 2213
142 00 030 0077
142 00 036 0061
142 00 036 0077
142 00 036 0152
142 00 040 0007
142 00 040 0027
142 00 042 0002
142 00 042 0016
142 00 100 7114
142 00 110 7027
142 00 111 7207
142 00 115 3427
142 00 22 00000
142 00 27 07543
142 00 27 64147
142 00 27 67654
142 00 30 17241
142 00 30 74702
142 00 30 75306
142 01 011 0073
142 01 24 00000
142 02 000 0016
142 02 25 00001
142 03 000 0106
142 03 010 0000
142 03 015 0106
142 04 012 0123
142 04 23 02122
142 04 24 00000
142 05 24 70656
142 06 010 1461
142 06 012 0611
142 06 26 00153
142 07 000 0107
142 07 010 0031
142 07 010 0307
142 07 010 0502
142 07 26 00102
142 07 26 00551
142 07 26 01552
142 10 011 0230
142 12 000 2364
142 13 000 0240
142 13 010 0015
142 15 31 04516
142 15 31 75150
142 16 100 3407
142 16 100 3413
142 16 110 3467
142 16 31 05176
142 17 000 0002
142 17 24 00000
143 00 000 2213
143 00 000 2214
143 00 006 0146
143 00 010 0000
143 00 010 0607
143 00 010 1455
143 00 010 3455
143 00 011 0103
143 00 011 0144
143 00 011 0154
143 00 011 0224
143 00 011 0516
143 00 011 0546
143 00 012 1163
143 00 015 0103
143 00 036 0070
143 00 036 0071
143 00 036 0077
143 00 036 0102
143 00 036 0104
143 00 036 0107
143 00 036 0122
143 00 036 0135
143 00 040 0010
143 00 040 0014
143 00 100 1657
143 00 110 1764
143 00 110 3364
143 00 23 73525
143 00 24 00003
143 00 26 75147
143 00 27 65357
143 00 27 70617
143 00 30 03546
143 01 010 0000
143 01 26 01546
143 01 30 01362
143 02 011 0103
143 02 24 77771
143 02 24 77775
143 03 30 00000
143 04 010 0010
143 04 011 0117
143 05 24 00000
143 06 26 00545
143 07 000 1062
143 07 010 0042
143 07 010 1355
143 07 24 00000
143 07 26 00146
143 07 27 00127
143 07 27 00546
143 10 24 00024
143 11 044 0015
143 12 24 00001
143 13 112 7126
143 13 30 00000
143 14 010 1176
143 15 011 0103
143 15 036 0070
143 15 25 77741
143 16 010 2102
143 16 110 3370
143 16 31 05224
144 00 000 3455
144 00 010 0147
144 00 010 0163
144 00 010 2077
144 00 010 3326
144 00 011 0111
144 00 011 0231
144 00 011 0521
144 00 011 1163
144 00 015 0150
144 00 015 0152
144 00 015 0622
144 00 015 2204
144 00 036 0050
144 00 036 0074
144 00 036 0076
144 00 036 0102
144 00 036 0130
144 00 036 0151
144 00 040 0004
144 00 040 0010
144 00 040 0015
144 00 040 0016
144 00 040 0017
144 00 042 0003
144 00 100 1665
144 00 110 1642
144 00 110 3346
144 00 24 00003
144 00 26 03617
144 00 27 06510
144 00 27 73547
144 01 000 0000
144 01 26 00146
144 01 26 01555
144 03 000 0112
144 03 015 0112
144 04 010 0102
144 04 37 71507
144 05 010 1646
144 05 015 0374
144 06 010 2222
144 06 011 1401
144 06 015 1462
144 07 000 0502
144 07 010 0031
144 07 010 1021
144 07 010 1755
144 07 22 00117
144 07 22 00547
144 07 22 00553
144 11 24 77754
144 12 31 00000
144 12 37 07543
144 13 045 0004
144 13 100 7126
144 13 112 7126
144 14 026 0100
144 15 35 00000
144 16 044 0010
144 16 24 77775
145 00 000 0622
145 00 000 1443
145 00 000 2077
145 00 010 0104
145 00 010 0112
145 00 010 0156
145 00 010 0442
145 00 011 0152
145 00 011 0154
145 00 011 0220
145 00 011 0231
145 00 012 0152
145 00 012 0450
145 00 015 0131
145 00 036 0075
145 00 036 0077
145 00 036 0122
145 00 040 0006
145 00 040 0010
145 00 040 0016
145 00 042 0016
145 00 100 3330
145 00 110 7114
145 00 111 3361
145 00 121 1445
145 00 22 00000
145 00 23 77165
145 00 24 02003
145 00 30 17760
145 00 30 70157
145 01 22 00000
145 01 26 00152
145 01 26 01547
145 02 010 0015
145 02 010 0024
145 02 044 0017
145 02 31 21311
145 03 000 0005
145 04 010 0030
145 05 30 00000
145 06 000 1443
145 06 015 1444
145 07 000 0350
145 07 000 1616
145 07 015 2033
145 07 23 01550
145 10 010 0001
145 10 010 3060
145 10 045 0004
145 10 25 77766
145 11 25 00012
145 12 24 77771
145 13 010 0532
145 13 37 76142
145 14 24 00000
145 15 010 0002
145 15 24 00000
145 15 24 77775
145 15 30 00000
145 15 31 04607
145 16 010 2102
145 16 112 3370
145 16 22 00003
145 16 24 00502
146 00 000 0001
146 00 005 0162
146 00 010 0442
146 00 010 2213
146 00 011 0124
146 00 011 0154
146 00 011 0407
146 00 011 0510
146 00 011 0513
146 00 011 0515
146 00 012 0154
146 00 013 2445
146 00 021 0234
146 00 023 0000
146 00 036 0026
146 00 036 0044
146 00 036 0050
146 00 036 0130
146 00 040 0002
146 00 100 0172
146 00 110 2351
146 00 110 7011
146 00 22 00000
146 00 23 77164
146 00 24 00003
146 00 24 02003
146 00 26 73562
146 00 26 74551
146 00 30 75175
146 01 010 1762
146 01 31 71164
146 02 23 02365
146 03 010 0000
146 04 000 0030
146 04 010 0035
146 05 26 00150
146 06 000 0617
146 06 010 1436
146 07 000 0524
146 07 012 2033
146 07 013 1751
146 07 22 00145
146 07 26 00172
146 07 26 00361
146 07 26 00545
146 07 30 00300
146 10 044 0016
146 12 37 70546
146 13 010 0016
146 14 010 0000
146 14 010 1176
146 14 011 0123
146 14 35 15040
146 15 24 04201
146 15 25 77733
146 16 036 0110
146 16 25 00002
146 16 31 05176
146 16 37 00000
146 17 015 0103
146 17 036 0070
146 17 25 77777
147 00 000 0622
147 00 000 2445
147 00 002 0020
147 00 010 0000
147 00 010 0011
147 00 010 1345
147 00 010 2646
147 00 010 2650
147 00 011 0226
147 00 011 0436
147 00 011 0516
147 00 012 0103
147 00 012 0162
147 00 012 0510
147 00 013 0111
147 00 015 0622
147 00 036 0030
147 00 036 0076
147 00 036 0077
147 00 036 0114
147 00 036 0130
147 00 036 0150
147 00 040 0013
147 00 042 0004
147 00 100 2351
147 00 100 7011
147 00 110 1743
147 00 110 1744
147 00 110 2036
147 00 111 1442
147 00 111 2271
147 00 22 00000
147 00 23 71707
147 00 23 77164
147 00 24 00003
147 00 26 15656
147 00 27 07152
147 00 27 73571
147 00 27 76152
147 01 22 01373
147 03 010 0000
147 03 010 0063
147 03 013 0000
147 03 013 0523
147 03 24 70551
147 04 010 0021
147 04 24 77401
147 05 25 00011
147 07 000 0042
147 07 000 1355
147 07 000 1532
147 07 010 0041
147 07 010 1547
147 07 26 00051
147 07 26 00133
147 07 26 00150
147 07 27 00514
147 10 010 1570
147 10 24 00000
147 13 010 0240
147 14 000 0000
147 15 30 00000
147 15 34 00000
147 16 110 2147
147 16 31 05176
147 17 012 0103
147 17 22 00000
147 17 26 00000
150 00 000 0615
150 00 000 2213
150 00 005 2777
150 00 010 0000
150 00 010 0162
150 00 010 0221
150 00 010 2122
150 00 010 2213
150 00 011 0140
150 00 011 0154
150 00 011 0156
150 00 011 0230
150 00 011 0513
150 00 012 1163
150 00 013 0606
150 00 013 1163
150 00 015 1345
150 00 036 0154
150 00 040 0001
150 00 042 0016
150 00 110 1652
150 00 110 7220
150 00 111 3433
150 00 112 6742
150 00 22 00000
150 00 23 77167
150 00 24 00000
150 00 24 00003
150 00 24 02003
150 00 27 15040
150 00 27 16560
150 00 30 00000
150 00 30 07053
150 00 30 73556
150 01 26 00154
150 02 010 0022
150 03 000 0104
150 04 015 0030
150 04 23 00011
150 06 000 0041
150 06 000 0137
150 06 000 1010
150 06 013 0041
150 06 013 1463
150 06 31 70532
150 07 000 0032
150 07 000 1063
150 07 007 0321
150 07 010 1026
150 07 012 1270
150 07 015 0042
150 07 021 2033
150 07 22 01146
150 07 26 00203
150 07 26 00502
150 07 27 01715
150 10 000 0522
150 10 000 1050
150 10 000 1570
150 10 24 00001
150 10 24 00275
150 13 000 0240
150 14 010 3030
150 14 25 00040
150 16 013 0000
150 16 24 76002
150 16 31 75107
150 17 015 0103
151 00 005 0151
151 00 010 0103
151 00 010 0157
151 00 010 0162
151 00 010 0622
151 00 010 1345
151 00 010 2213
151 00 010 2221
151 00 010 3451
151 00 011 0130
151 00 011 0141
151 00 011 0157
151 00 012 0112
151 00 036 0036
151 00 036 0053
151 00 040 0001
151 00 040 0010
151 00 040 0015
151 00 040 0016
151 00 042 0014
151 00 100 1646
151 00 100 7220
151 00 110 7005
151 00 111 1625
151 00 111 3433
151 00 112 1517
151 00 22 00000
151 00 22 77771
151 00 27 04563
151 01 22 00000
151 01 25 00000
151 01 25 77777
151 01 26 01565
151 02 010 2110
151 02 011 0103
151 02 012 0015
151 03 000 0063
151 03 010 0000
151 04 000 0030
151 04 010 0011
151 04 013 0377
151 06 011 1015
151 06 015 1010
151 06 22 00000
151 06 24 00000
151 06 26 00220
151 07 000 0335
151 07 010 0032
151 07 010 1750
151 07 22 00346
151 07 27 00157
151 10 015 1570
151 10 23 00044
151 11 24 00000
151 11 35 16556
151 12 24 77776
151 13 015 0240
151 15 31 04516
151 15 31 04607
151 16 000 0000
151 16 110 3461
151 16 31 05176
151 17 012 0103
151 17 35 60146
152 00 000 0221
152 00 000 2646
152 00 000 2777
152 00 000 3451
152 00 010 0000
152 00 010 0157
152 00 010 0606
152 00 010 2077
152 00 011 0105
152 00 011 0155
152 00 011 0234
152 00 011 0517
152 00 012 0517
152 00 012 0606
152 00 012 0607
152 00 015 0117
152 00 015 0203
152 00 036 0070
152 00 036 0102
152 00 036 0112
152 00 037 0003
152 00 040 0002
152 00 100 7006
152 00 110 2316
152 00 110 7010
152 00 110 7030
152 00 110 7207
152 00 111 1440
152 00 111 2047
152 00 111 7023
152 00 115 7006
152 00 115 7334
152 00 22 00000
152 00 23 73525
152 00 24 00003
152 00 24 02003
152 00 27 04644
152 00 27 63507
152 00 27 65176
152 00 27 70617
152 00 27 74546
152 01 27 00325
152 02 010 0153
152 03 000 0027
152 03 015 0027
152 04 010 0012
152 04 37 64151
152 06 000 1373
152 06 010 1007
152 06 010 1443
152 06 010 2122
152 07 000 0033
152 07 000 1066
152 07 000 1531
152 07 010 1743
152 07 012 0443
152 07 26 00176
152 07 27 00154
152 07 27 01554
152 10 000 1570
152 10 010 0000
152 10 010 0663
152 10 044 0016
152 13 000 0240
152 13 22 00000
152 13 24 00553
152 13 35 76140
152 14 010 1176
152 14 22 00000
152 15 005 0000
152 15 010 0103
152 15 012 0103
152 15 24 00001
152 15 31 04516
152 16 110 1653
152 16 24 00003
152 16 24 00042
153 00 000 1453
153 00 000 1516
153 00 000 2077
153 00 000 2215
153 00 002 0101
153 00 004 0203
153 00 010 0000
153 00 010 0474
153 00 011 0112
153 00 011 0172
153 00 011 0230
153 00 011 0234
153 00 015 0103
153 00 015 0155
153 00 015 1443
153 00 015 1516
153 00 033 0031
153 00 036 0070
153 00 036 0076
153 00 036 0105
153 00 036 0117
153 00 040 0000
153 00 040 0001
153 00 040 0005
153 00 040 0010
153 00 100 7010
153 00 110 1646
153 00 115 6773
153 00 115 7003
153 00 22 00000
153 00 24 00003
153 00 26 00175
153 00 26 17155
153 00 27 16556
153 00 27 75160
153 00 30 65176
153 01 000 1753
153 01 26 00217
153 02 010 0044
153 02 010 0071
153 02 011 0103
153 03 010 0104
153 05 25 00001
153 06 000 2122
153 06 010 0177
153 06 015 1464
153 06 27 00231
153 07 010 1063
153 07 016 0322
153 07 22 00535
153 07 24 00000
153 07 26 00157
153 07 30 00124
153 07 30 00151
153 07 30 00201
153 07 30 00203
153 07 30 01556
153 10 010 0066
153 10 045 0002
153 11 25 00001
153 12 010 0102
153 12 24 00000
153 12 24 00071
153 13 24 00102
153 15 010 2365
153 15 27 00000
153 15 31 04516
153 16 010 0102
153 16 033 0020
153 16 100 1653
153 16 110 3461
153 16 24 76004
153 17 011 0103
153 17 24 77776
153 17 31 71253
154 00 000 0615
154 00 000 1443
154 00 010 0000
154 00 010 0103
154 00 010 0126
154 00 010 0446
154 00 011 0130
154 00 011 0131
154 00 011 0137
154 00 011 0142
154 00 011 0172
154 00 011 0515
154 00 012 0606
154 00 013 0606
154 00 013 0615
154 00 015 0132
154 00 015 0446
154 00 015 0604
154 00 036 0030
154 00 036 0076
154 00 036 0152
154 00 040 0014
154 00 040 0016
154 00 042 0005
154 00 042 0016
154 00 100 6773
154 00 100 7003
154 00 110 3430
154 00 111 2135
154 00 112 3537
154 00 115 7176
154 00 22 00000
154 00 22 16000
154 00 24 00003
154 00 27 21352
154 00 27 70627
154 00 27 76564
154 00 30 03462
154 00 30 76051
154 01 010 0337
154 02 010 2110
154 02 22 00000
154 03 24 77761
154 05 26 00161
154 05 34 71156
154 07 000 1063
154 07 000 1561
154 07 010 0033
154 07 015 0027
154 07 015 1021
154 07 015 1662
154 07 26 00177
154 07 30 00520
154 10 24 77777
154 10 34 17760
154 11 24 00000
154 12 31 70716
154 13 37 00000
154 14 010 1176
154 15 126 3453
154 15 24 15556
154 15 31 04516
154 15 31 04634
154 16 010 0103
154 16 100 3370
154 16 110 1653
154 17 010 2365
154 17 110 1770
155 00 000 0324
155 00 000 0446
155 00 010 0117
155 00 010 0442
155 00 010 1453
155 00 010 2215
155 00 010 7776
155 00 011 0106
155 00 011 0142
155 00 011 0157
155 00 011 0234
155 00 015 0141
155 00 015 0143
155 00 015 0324
155 00 015 0603
155 00 036 0114
155 00 036 0130
155 00 040 0010
155 00 040 0017
155 00 110 3512
155 00 110 7012
155 00 110 7210
155 00 120 7204
155 00 22 00000
155 00 24 00003
155 00 24 02003
155 00 26 07161
155 00 26 75157
155 00 27 71046
155 00 27 76564
155 01 26 00161
155 02 010 0013
155 02 23 02365
155 03 010 0000
155 03 010 0005
155 03 25 00011
155 04 011 0123
155 05 010 0073
155 05 25 77767
155 06 27 00173
155 07 000 0056
155 07 000 1157
155 07 000 1533
155 07 000 1662
155 07 015 0450
155 07 021 0032
155 07 22 00117
155 07 22 00224
155 07 22 00444
155 07 22 01554
155 07 26 00032
155 10 045 0016
155 10 22 00000
155 12 24 70157
155 12 31 00000
155 12 37 00000
155 13 24 00001
155 14 24 00000
155 15 31 17762
155 16 000 1777
155 16 010 3055
155 16 033 0020
155 16 24 00000
155 17 000 1030
155 17 100 2366
155 17 37 60154
156 00 000 0442
156 00 000 2662
156 00 010 0000
156 00 010 0154
156 00 010 0163
156 00 010 0221
156 00 010 0444
156 00 010 0615
156 00 010 0622
156 00 010 2040
156 00 011 0166
156 00 011 0225
156 00 011 0230
156 00 011 0231
156 00 012 0132
156 00 013 0130
156 00 015 0127
156 00 015 0442
156 00 015 0447
156 00 015 2662
156 00 040 0000
156 00 110 1747
156 00 110 1771
156 00 110 3433
156 00 110 7011
156 00 115 7013
156 00 22 00000
156 00 24 00003
156 00 26 07326
156 00 26 74560
156 00 26 77337
156 00 27 64153
156 00 30 05176
156 00 30 71511
156 02 011 0103
156 03 010 0066
156 03 24 00000
156 05 24 00000
156 05 35 00000
156 07 000 0312
156 07 000 0315
156 07 000 0342
156 07 000 1534
156 07 010 0335
156 07 010 1026
156 07 015 1277
156 07 22 00535
156 07 26 00314
156 07 27 00161
156 07 30 00634
156 07 30 01400
156 10 000 7776
156 10 011 0050
156 10 110 2054
156 10 115 2051
156 10 24 00001
156 11 31 71235
156 11 31 75350
156 12 30 00000
156 13 000 0040
156 13 24 00560
156 14 24 77706
156 15 015 0103
156 15 126 3456
156 16 100 2147
156 16 31 05176
156 16 37 00000
157 00 000 0442
157 00 000 0444
157 00 000 0622
157 00 000 1013
157 00 000 2215
157 00 010 0000
157 00 010 0162
157 00 010 0163
157 00 010 0221
157 00 010 1453
157 00 010 1455
157 00 011 0142
157 00 011 0160
157 00 012 0130
157 00 012 0163
157 00 015 0120
157 00 015 0140
157 00 036 0034
157 00 036 0114
157 00 036 0136
157 00 040 0000
157 00 042 0002
157 00 042 0004
157 00 100 3537
157 00 100 7011
157 00 100 7013
157 00 111 2116
157 00 22 00000
157 00 22 16000
157 00 24 00002
157 00 24 00003
157 00 24 02003
157 01 010 0001
157 01 24 00013
157 02 010 2110
157 02 25 00010
157 03 000 0066
157 03 010 0000
157 03 044 0004
157 03 24 00001
157 04 24 00000
157 05 35 70360
157 06 010 3777
157 06 27 00173
157 07 000 1026
157 07 000 1541
157 07 000 1546
157 07 015 1753
157 07 22 00151
157 07 26 00164
157 07 26 00600
157 07 30 00033
157 07 30 00542
157 10 100 2051
157 10 24 00000
157 11 24 00000
157 12 012 0102
157 14 25 00001
157 15 012 0103
157 15 37 00000
157 16 012 0123
157 16 015 0123
157 17 011 0071
160 00 000 0447
160 00 000 1455
160 00 000 2213
160 00 002 0036
160 00 002 0037
160 00 006 0162
160 00 010 0000
160 00 010 0011
160 00 011 0107
160 00 011 0114
160 00 011 0123
160 00 011 0230
160 00 011 0231
160 00 011 1135
160 00 011 2650
160 00 012 0153
160 00 015 0151
160 00 015 0153
160 00 021 0234
160 00 036 0026
160 00 036 0063
160 00 040 0000
160 00 042 0014
160 00 042 0016
160 00 100 3525
160 00 110 5161
160 00 112 2141
160 00 22 00000
160 00 23 02222
160 00 24 00003
160 00 27 64165
160 00 27 65151
160 00 30 70360
160 00 30 77471
160 01 010 0102
160 01 010 0663
160 02 000 0000
160 02 010 2110
160 02 012 0103
160 02 23 02365
160 06 021 1011
160 06 22 00173
160 06 24 16563
160 07 010 0036
160 07 010 0042
160 07 22 01134
160 07 24 20000
160 07 26 00235
160 07 26 00512
160 07 26 01400
160 07 27 00161
160 07 30 00514
160 10 100 2054
160 11 036 0100
160 11 31 70367
160 12 34 00000
160 13 000 0040
160 13 015 0040
160 14 24 00000
160 15 010 2365
160 15 24 77702
160 16 010 3374
160 16 24 77721
160 16 24 77773
160 17 000 0071
161 00 000 0000
161 00 000 0002
161 00 010 0000
161 00 010 0155
161 00 010 0615
161 00 011 0134
161 00 011 0231
161 00 011 1163
161 00 011 2213
161 00 012 1135
161 00 015 0102
161 00 015 0103
161 00 036 0034
161 00 036 0076
161 00 036 0103
161 00 036 0105
161 00 036 0120
161 00 036 0150
161 00 040 0000
161 00 040 0006
161 00 040 0013
161 00 040 0015
161 00 042 0000
161 00 042 0014
161 00 100 2351
161 00 110 1764
161 00 110 2352
161 00 110 6770
161 00 110 7005
161 00 110 7030
161 00 112 6742
161 00 24 00003
161 00 26 65151
161 00 26 66165
161 00 26 76564
161 00 27 07163
161 00 27 74570
161 00 30 16563
161 00 30 73571
161 01 010 0000
161 01 010 0733
161 01 24 00006
161 02 000 0015
161 02 010 0007
161 02 011 0103
161 02 026 0535
161 03 010 0000
161 05 22 00353
161 06 000 0613
161 06 015 1005
161 06 30 01122
161 07 000 0036
161 07 000 0314
161 07 000 1021
161 07 010 1750
161 07 015 0312
161 07 22 01175
161 07 26 01655
161 07 27 00163
161 07 27 00207
161 07 30 00107
161 10 036 0114
161 10 23 02122
161 11 24 77771
161 13 24 00104
161 13 30 00000
161 15 31 71173
161 16 000 3374
161 16 010 2110
161 16 110 1653
161 16 115 3370
161 16 24 00000
161 16 37 04561
161 17 011 0103
161 17 110 1775
161 17 31 00000
162 00 000 1453
162 00 000 2213
162 00 002 0237
162 00 010 0436
162 00 010 1134
162 00 010 1443
162 00 010 3005
162 00 010 3763
162 00 011 0112
162 00 011 0156
162 00 011 0507
162 00 011 0515
162 00 011 0546
162 00 012 0436
162 00 012 2650
162 00 013 0170
162 00 013 0606
162 00 015 0106
162 00 036 0054
162 00 036 0077
162 00 040 0000
162 00 040 0005
162 00 040 0014
162 00 100 7005
162 00 110 7006
162 00 22 00000
162 00 24 00002
162 00 24 02003
162 00 26 65763
162 00 26 76164
162 00 27 06432
162 00 27 15004
162 00 27 74570
162 00 27 76507
162 00 30 67457
162 00 30 73702
162 01 010 1234
162 01 015 0373
162 01 24 00016
162 01 26 00565
162 02 010 1317
162 05 27 00167
162 06 30 00164
162 07 000 0312
162 07 000 1557
162 07 000 1743
162 07 010 0042
162 07 010 1535
162 07 22 00250
162 07 27 01163
162 07 27 01655
162 11 31 70367
162 12 012 0102
162 13 24 00000
162 14 011 0102
162 14 044 0003
162 15 30 00000
162 16 100 1653
162 16 110 2151
162 16 110 3413
162 16 24 00314
162 16 24 76154
162 17 000 1440
162 17 015 0123
162 17 015 1440
162 17 24 00000
162 17 24 00107
163 00 000 1444
163 00 000 3005
163 00 000 3130
163 00 000 3763
163 00 010 0113
163 00 010 0163
163 00 010 0221
163 00 010 0605
163 00 010 2213
163 00 011 0124
163 00 011 0132
163 00 011 0164
163 00 011 0172
163 00 011 0221
163 00 011 2213
163 00 013 0511
163 00 015 0131
163 00 022 0000
163 00 023 0000
163 00 036 0074
163 00 036 0101
163 00 036 0114
163 00 036 0124
163 00 040 0010
163 00 040 0014
163 00 042 0004
163 00 042 0013
163 00 100 7006
163 00 110 1764
163 00 110 6770
163 00 24 02003
163 00 26 67204
163 00 26 74174
163 00 27 15003
163 00 30 71050
163 01 000 0016
163 01 012 1727
163 01 24 00012
163 01 26 00565
163 02 010 0006
163 02 25 00001
163 03 010 0000
163 03 112 2137
163 06 000 3777
163 06 013 3777
163 06 25 00400
163 07 000 0052
163 07 000 0055
163 07 010 0033
163 07 010 0312
163 07 010 1532
163 07 011 0047
163 07 26 00170
163 07 26 00572
163 07 30 00202
163 07 30 00707
163 10 010 0000
163 10 036 0122
163 10 110 2054
163 12 24 77776
163 13 000 0001
163 13 000 0040
163 13 015 0040
163 14 010 3030
163 14 25 00001
163 15 31 71173
163 15 31 75105
163 16 011 0123
163 16 036 0114
163 16 100 3413
163 17 012 0123
163 17 100 2721
164 00 000 3130
164 00 010 0000
164 00 010 0475
164 00 010 0542
164 00 010 1351
164 00 010 1455
164 00 010 3014
164 00 011 0436
164 00 011 0515
164 00 011 3762
164 00 012 0162
164 00 015 0166
164 00 015 0444
164 00 015 3130
164 00 036 0061
164 00 036 0075
164 00 040 0002
164 00 040 0014
164 00 040 0015
164 00 042 0013
164 00 042 0015
164 00 042 0016
164 00 110 2051
164 00 110 7004
164 00 110 7207
164 00 22 00000
164 00 22 04445
164 00 24 00003
164 00 24 02003
164 00 26 00175
164 00 30 05334
164 00 30 66170
164 00 30 76507
164 01 010 0037
164 01 011 0342
164 01 012 1730
164 01 24 00002
164 01 26 00202
164 01 37 64147
164 02 011 0103
164 02 012 0103
164 02 015 0103
164 02 31 73701
164 03 010 0007
164 04 24 77751
164 06 000 0000
164 06 000 0614
164 06 015 0614
164 07 000 0312
164 07 000 1752
164 07 010 0242
164 07 015 1727
164 07 26 00030
164 07 26 00570
164 07 26 00572
164 07 27 00157
164 07 27 00172
164 07 27 00224
164 07 30 00161
164 10 24 77773
164 10 31 65611
164 10 34 15610
164 12 30 00000
164 13 015 0001
164 14 000 3150
164 14 011 3150
164 15 000 0077
164 15 23 02365
164 16 012 0104
164 16 24 05632
164 16 31 04715
164 16 31 05176
165 00 000 0000
165 00 000 0342
165 00 000 0444
165 00 000 0615
165 00 000 2213
165 00 000 3762
165 00 006 0000
165 00 006 0531
165 00 010 0111
165 00 010 0163
165 00 010 0443
165 00 010 2215
165 00 011 0154
165 00 011 0545
165 00 011 2650
165 00 012 0120
165 00 012 0166
165 00 012 1135
165 00 013 0162
165 00 015 0113
165 00 036 0105
165 00 036 0126
165 00 036 0132
165 00 040 0010
165 00 040 0011
165 00 040 0015
165 00 040 0016
165 00 042 0005
165 00 100 6770
165 00 110 3363
165 00 110 7003
165 00 113 7156
165 00 115 2052
165 00 22 00000
165 00 26 07455
165 00 27 15000
165 00 30 06620
165 00 30 77131
165 01 015 0345
165 01 045 0015
165 02 000 2110
165 02 011 0103
165 03 036 0113
165 04 011 0123
165 06 010 0617
165 06 015 0627
165 07 000 0032
165 07 010 0031
165 07 010 0043
165 07 010 1026
165 07 22 00572
165 07 22 01170
165 07 26 00570
165 07 27 00031
165 07 27 00572
165 07 30 01400
165 07 30 01572
165 07 30 01730
165 10 044 0017
165 11 31 70367
165 12 044 0017
165 13 000 0001
165 14 010 3030
165 14 010 3130
165 14 34 00000
165 15 010 2365
165 15 011 0123
165 15 24 01477
165 15 25 77777
165 15 31 04324
165 16 010 1442
165 16 110 1653
165 16 110 3405
165 16 25 00001
165 16 34 60207
166 00 000 0445
166 00 010 0003
166 00 010 0107
166 00 010 0526
166 00 010 3355
166 00 011 0122
166 00 011 0141
166 00 011 0144
166 00 011 0230
166 00 012 0141
166 00 012 0462
166 00 013 0132
166 00 015 0106
166 00 015 0445
166 00 015 0462
166 00 015 0603
166 00 015 0622
166 00 036 0030
166 00 036 0103
166 00 036 0105
166 00 036 0107
166 00 036 0150
166 00 042 0015
166 00 110 1752
166 00 110 2141
166 00 110 7023
166 00 111 1615
166 00 111 2140
166 00 115 7027
166 00 22 00000
166 00 24 00002
166 00 24 00003
166 00 26 07171
166 00 27 73571
166 00 30 64153
166 01 000 0733
166 01 000 1726
166 02 010 0004
166 02 011 0103
166 02 045 0011
166 02 30 00000
166 03 010 0006
166 06 004 0627
166 06 011 3777
166 06 016 0625
166 06 34 00000
166 07 000 0615
166 07 000 1026
166 07 22 01546
166 07 26 00542
166 07 27 00176
166 07 30 00231
166 07 30 01627
166 10 31 66655
166 11 010 0026
166 11 24 00037
166 11 31 74176
166 12 23 02222
166 13 000 0060
166 13 012 0515
166 13 110 6031
166 14 015 3150
166 14 27 00000
166 15 044 0016
166 15 100 2366
166 15 31 15717
166 15 31 17760
166 15 31 17762
166 15 37 60161
166 16 110 3370
166 16 24 77726
166 16 31 05176
167 00 000 0443
167 00 000 0622
167 00 010 0000
167 00 010 2213
167 00 011 0124
167 00 011 0143
167 00 011 0162
167 00 011 1163
167 00 015 0124
167 00 031 0100
167 00 036 0070
167 00 040 0011
167 00 040 0013
167 00 100 2141
167 00 110 2050
167 00 110 3363
167 00 110 3526
167 00 111 1741
167 00 112 7545
167 00 22 00000
167 00 24 00003
167 00 26 70322
167 00 27 76573
167 00 30 06432
167 00 30 65357
167 01 22 00375
167 01 26 00172
167 02 011 0102
167 03 000 0006
167 05 017 0375
167 05 26 01540
167 06 000 3777
167 06 26 00211
167 07 000 1752
167 07 010 0031
167 07 010 0043
167 07 015 1766
167 07 22 01400
167 07 24 72000
167 07 26 00031
167 07 26 00204
167 07 30 01107
167 10 24 00000
167 11 045 0010
167 13 045 0010
167 13 100 6031
167 14 000 3130
167 14 000 3150
167 15 24 00000
167 15 31 00000
167 15 31 04405
167 15 31 04516
167 16 010 0052
167 16 044 0015
167 16 22 00000
167 16 24 00000
167 16 24 77774
167 16 31 04603
167 17 044 0010
170 00 000 0475
170 00 000 2213
170 00 005 0526
170 00 006 0142
170 00 010 0000
170 00 010 0622
170 00 010 3267
170 00 011 0464
170 00 011 2650
170 00 036 0076
170 00 036 0102
170 00 036 0124
170 00 036 0150
170 00 036 0152
170 00 042 0013
170 00 042 0016
170 00 100 2005
170 00 100 3526
170 00 110 7014
170 00 111 6767
170 00 24 00003
170 00 27 04577
170 00 27 77575
170 00 30 66520
170 02 010 2365
170 03 010 0007
170 03 011 0075
170 03 015 0040
170 04 012 0007
170 05 000 1000
170 05 24 00000
170 05 25 00001
170 06 000 1010
170 06 22 00624
170 07 010 1663
170 07 010 1755
170 07 012 1063
170 07 22 00624
170 07 26 00031
170 07 26 01572
170 10 010 0000
170 10 23 00044
170 13 34 00000
170 14 011 0152
170 15 011 0143
170 15 015 0103
170 15 036 0100
170 15 24 77701
170 16 110 1653
170 16 110 3374
170 16 30 00000
170 17 010 0123
170 17 24 00001
170 17 24 77777
171 00 000 2220
171 00 010 0000
171 00 010 0137
171 00 011 0161
171 00 011 0162
171 00 011 0231
171 00 011 1163
171 00 013 1163
171 00 036 0040
171 00 036 0112
171 00 036 0151
171 00 040 0013
171 00 040 0016
171 00 042 0002
171 00 042 0010
171 00 042 0016
171 00 042 0017
171 00 100 2141
171 00 100 3451
171 00 100 7014
171 00 110 2050
171 00 110 7017
171 00 111 1617
171 00 112 2141
171 00 22 00000
171 00 24 02002
171 00 24 02003
171 00 27 74672
171 00 27 75147
171 00 30 67476
171 01 015 1726
171 01 22 00144
171 01 22 00375
171 02 010 0002
171 03 000 0040
171 04 012 0007
171 04 24 00000
171 05 30 00512
171 06 004 0627
171 06 22 00165
171 06 35 00000
171 07 000 1551
171 07 010 0030
171 07 22 00121
171 07 22 00132
171 07 26 00177
171 07 27 00572
171 13 100 6031
171 13 115 6031
171 14 010 1176
171 15 35 00000
171 16 016 0000
171 16 110 3400
171 16 111 3411
171 16 24 15000
171 16 24 77721
171 16 25 00002
171 16 26 00052
171 16 31 05176
171 16 35 00000
172 00 000 2077
172 00 000 2213
172 00 010 0113
172 00 010 0132
172 00 010 0221
172 00 010 0451
172 00 011 0513
172 00 011 1163
172 00 012 0515
172 00 012 1163
172 00 013 0162
172 00 013 0513
172 00 013 0602
172 00 015 0110
172 00 015 0117
172 00 015 0127
172 00 036 0026
172 00 036 0076
172 00 036 0124
172 00 040 0002
172 00 040 0016
172 00 040 0017
172 00 040 0021
172 00 042 0002
172 00 042 0010
172 00 100 2003
172 00 100 7017
172 00 110 1436
172 00 110 7011
172 00 111 7005
172 00 22 00000
172 00 24 00003
172 00 26 04574
172 00 26 07174
172 00 26 74607
172 00 30 04201
172 00 30 06613
172 01 22 00567
172 01 24 00000
172 01 30 00000
172 01 30 00125
172 02 010 2365
172 02 015 2365
172 03 015 0110
172 04 000 0007
172 04 044 0003
172 06 044 0017
172 06 22 00623
172 07 000 1021
172 07 005 1551
172 07 010 0107
172 07 010 1026
172 07 010 1552
172 07 011 1714
172 07 012 0042
172 07 27 00031
172 07 27 00135
172 07 27 01176
172 12 24 04503
172 13 24 00000
172 14 30 00000
172 14 37 76170
172 15 25 77776
172 15 31 71222
172 16 000 0000
172 16 011 0162
172 16 011 2000
172 16 012 0103
172 16 015 0103
172 16 34 00000
172 16 37 00000
172 17 010 0123
172 17 110 1754
173 00 010 0446
173 00 010 0622
173 00 010 3764
173 00 011 0124
173 00 011 0172
173 00 011 0546
173 00 011 2647
173 00 012 0513
173 00 012 3762
173 00 013 0132
173 00 013 0152
173 00 013 1163
173 00 036 0031
173 00 036 0077
173 00 036 0103
173 00 036 0130
173 00 036 0152
173 00 037 0000
173 00 040 0015
173 00 042 0015
173 00 042 0016
173 00 110 1461
173 00 110 1750
173 00 110 1764
173 00 110 2141
173 00 110 7010
173 00 113 7157
173 00 115 7014
173 00 22 00000
173 00 24 02003
173 01 24 00001
173 01 26 01577
173 02 000 0002
173 02 000 2365
173 02 010 0005
173 02 012 0102
173 02 015 0102
173 02 110 7546
173 03 000 0110
173 03 010 0066
173 04 24 77772
173 06 22 00624
173 06 26 00177
173 06 31 74120
173 07 000 1536
173 07 000 1670
173 07 010 0030
173 07 010 0042
173 07 010 0303
173 07 010 1371
173 07 22 01176
173 07 26 00434
173 07 26 00740
173 07 27 00177
173 07 30 00563
173 10 24 00030
173 10 25 00001
173 15 010 0026
173 16 010 2110
173 16 033 0020
173 16 044 0002
173 16 31 05224
173 16 35 00000
173 17 26 00000
174 00 000 3762
174 00 006 0131
174 00 010 0000
174 00 010 1345
174 00 011 0103
174 00 011 0127
174 00 011 0150
174 00 011 0156
174 00 011 0226
174 00 012 0162
174 00 013 0162
174 00 013 0605
174 00 015 0121
174 00 036 0027
174 00 036 0051
174 00 036 0101
174 00 036 0103
174 00 036 0110
174 00 036 0130
174 00 037 0003
174 00 040 0000
174 00 040 0002
174 00 040 0012
174 00 040 0016
174 00 100 7011
174 00 110 7016
174 00 111 1615
174 00 112 1741
174 00 115 3361
174 00 115 7016
174 00 22 00000
174 00 24 02003
174 00 26 17444
174 00 30 75147
174 00 30 77131
174 00 30 77251
174 02 011 0102
174 02 012 0005
174 02 100 7546
174 02 31 00000
174 04 010 0011
174 06 30 00000
174 07 000 1063
174 07 000 1371
174 07 010 1026
174 07 021 1767
174 07 22 00171
174 07 22 00263
174 07 22 01201
174 07 22 01520
174 07 26 00250
174 07 26 01176
174 10 35 16577
174 11 24 00576
174 11 31 70367
174 12 26 00000
174 13 24 00000
174 13 34 76334
174 13 37 00000
174 14 010 1176
174 15 012 0040
174 15 31 00000
174 15 31 04417
174 16 000 2000
174 16 017 0000
174 17 011 0103
174 17 044 0006
174 17 044 0016
175 00 007 0151
175 00 007 2656
175 00 010 0000
175 00 010 0440
175 00 010 0622
175 00 010 3763
175 00 010 3764
175 00 011 0103
175 00 011 0230
175 00 011 0541
175 00 012 1030
175 00 015 0113
175 00 015 0140
175 00 015 0141
175 00 015 0546
175 00 040 0000
175 00 040 0010
175 00 110 1750
175 00 110 7017
175 00 111 1615
175 00 111 6764
175 00 22 00000
175 00 24 02000
175 00 24 02003
175 00 26 17603
175 00 26 74051
175 00 27 65032
175 00 27 66604
175 00 30 04715
175 00 30 75303
175 01 24 00026
175 01 30 00707
175 02 000 0005
175 02 010 0014
175 02 011 0102
175 02 011 0103
175 02 012 0005
175 03 000 0041
175 03 010 0000
175 04 34 00000
175 05 31 65432
175 06 006 1010
175 06 22 00570
175 06 27 00201
175 07 000 0616
175 07 000 1026
175 07 010 0030
175 07 010 0612
175 07 011 1374
175 07 015 1536
175 07 015 1670
175 07 22 01005
175 07 22 01546
175 07 26 00135
175 07 26 00142
175 07 26 00207
175 07 27 00216
175 07 30 01201
175 07 31 16014
175 10 30 00000
175 13 37 73646
175 14 010 0000
175 15 010 2365
175 15 044 0006
175 15 24 00126
175 15 31 00000
175 16 010 0103
175 16 015 0102
175 16 112 3517
175 17 010 2365
176 00 000 0440
176 00 000 0622
176 00 000 1030
176 00 000 2221
176 00 000 3763
176 00 000 3764
176 00 002 0037
176 00 006 0230
176 00 010 0107
176 00 010 0221
176 00 010 0442
176 00 011 0105
176 00 011 0116
176 00 011 0142
176 00 011 0143
176 00 011 1163
176 00 012 0113
176 00 012 0526
176 00 012 3363
176 00 015 0110
176 00 015 3363
176 00 015 3412
176 00 023 0161
176 00 036 0071
176 00 040 0016
176 00 042 0004
176 00 042 0016
176 00 100 3363
176 00 100 3424
176 00 110 1650
176 00 110 2330
176 00 110 3364
176 00 110 7017
176 00 111 3524
176 00 111 7002
176 00 24 00003
176 00 24 02003
176 00 26 16631
176 00 27 76304
176 00 30 04556
176 01 013 1777
176 01 115 1204
176 01 26 01553
176 01 30 00000
176 02 010 0015
176 02 010 2365
176 03 000 0010
176 03 000 0042
176 04 010 0011
176 04 24 00000
176 06 000 0624
176 06 24 77771
176 07 000 1536
176 07 000 1552
176 07 000 1670
176 07 010 1011
176 07 010 1063
176 07 010 1755
176 07 26 00250
176 07 27 00200
176 10 011 0123
176 11 011 0102
176 12 27 00000
176 14 24 77777
176 15 000 2365
176 16 012 0102
176 16 110 3374
176 16 110 3510
176 16 31 05176
176 16 37 00000
176 17 25 77770
177 00 000 2213
177 00 000 3412
177 00 010 0000
177 00 010 0446
177 00 010 0605
177 00 010 1434
177 00 010 2213
177 00 011 0162
177 00 011 0166
177 00 011 0172
177 00 011 0521
177 00 011 0546
177 00 012 0373
177 00 013 0162
177 00 036 0066
177 00 036 0070
177 00 036 0076
177 00 036 0101
177 00 036 0151
177 00 100 7017
177 00 110 2035
177 00 110 3371
177 00 110 3506
177 00 110 7316
177 00 111 6767
177 00 115 6772
177 00 22 00000
177 00 23 02222
177 00 24 00003
177 00 26 03750
177 00 27 03750
177 00 27 64614
177 00 30 66733
177 01 015 0346
177 01 115 0376
177 01 22 00000
177 01 26 01624
177 01 27 00665
177 02 010 0000
177 02 012 2365
177 03 000 0003
177 03 010 0002
177 03 24 77742
177 07 000 0531
177 07 010 1063
177 07 010 1621
177 07 22 00114
177 07 22 01247
177 07 27 00047
177 07 27 00200
177 07 30 00135
177 11 26 00000
177 11 27 00000
177 11 31 00000
177 11 31 71235
177 13 34 76205
177 14 010 2655
177 14 31 00000
177 15 24 64207
177 15 24 66627
177 15 25 00001
177 16 100 1653
177 16 110 3400
177 16 24 77773
177 16 30 00000
177 16 31 05176
177 16 35 60201
177 17 25 00010
177 17 30 00000
200 00 000 0342
200 00 000 1346
200 00 010 0102
200 00 010 0136
200 00 011 0125
200 00 011 0132
200 00 011 0167
200 00 011 0172
200 00 011 0220
200 00 011 0546
200 00 012 0150
200 00 012 0163
200 00 012 2650
200 00 013 0146
200 00 013 0162
200 00 015 2213
200 00 022 0000
200 00 031 0000
200 00 036 0070
200 00 036 0101
200 00 036 0106
200 00 036 0150
200 00 036 0156
200 00 040 0003
200 00 040 0012
200 00 040 0014
200 00 042 0007
200 00 042 0015
200 00 100 3371
200 00 100 6772
200 00 110 7005
200 00 111 2050
200 00 111 2107
200 00 22 00000
200 00 24 00003
200 00 24 02000
200 00 24 02002
200 00 26 03750
200 00 26 15604
200 00 26 64604
200 00 26 74674
200 00 30 75150
200 01 000 1724
200 01 010 0054
200 01 100 0376
200 01 22 00074
200 01 30 01362
200 02 000 2365
200 02 011 0103
200 03 25 00010
200 04 37 60457
200 05 24 00001
200 06 22 00624
200 07 000 0617
200 07 000 1045
200 07 010 1021
200 07 010 1620
200 07 010 1773
200 07 26 00205
200 07 26 00310
200 07 27 00127
200 07 27 01603
200 07 30 00033
200 07 30 00047
200 10 000 0663
200 11 044 0015
200 11 24 77775
200 12 045 0006
200 13 24 77773
200 14 012 2655
200 14 25 00001
200 15 011 0153
200 16 110 1653
200 16 110 3374
200 16 110 3461
200 17 37 60171
201 00 000 0347
201 00 000 0401
201 00 000 7254
201 00 006 0531
201 00 010 2040
201 00 010 2445
201 00 010 3130
201 00 011 0111
201 00 011 0112
201 00 011 0141
201 00 011 0162
201 00 011 2077
201 00 011 5416
201 00 011 7254
201 00 012 0546
201 00 013 0143
201 00 013 0160
201 00 031 0000
201 00 036 0070
201 00 036 0072
201 00 036 0101
201 00 036 0120
201 00 040 0001
201 00 040 0015
201 00 042 0001
201 00 042 0016
201 00 100 1651
201 00 110 2050
201 00 110 3002
201 00 110 3363
201 00 111 7006
201 00 111 7031
201 00 22 00000
201 00 24 02002
201 00 24 02003
201 00 26 73603
201 00 26 76205
201 00 27 03750
201 00 27 74612
201 01 013 0001
201 01 25 77750
201 02 010 0001
201 02 010 2110
201 02 31 00000
201 02 31 73613
201 03 000 0000
201 03 000 0050
201 03 015 0050
201 03 22 00000
201 04 000 4000
201 04 37 71177
201 06 22 00600
201 07 000 1753
201 07 010 0030
201 07 010 1026
201 07 010 1552
201 07 010 1665
201 07 010 1742
201 07 015 1536
201 07 015 1763
201 07 22 00171
201 07 22 00350
201 07 26 00172
201 07 26 00224
201 07 26 00275
201 07 27 00051
201 07 27 01606
201 07 27 01673
201 07 30 00202
201 11 27 00000
201 11 31 70367
201 13 24 00000
201 14 000 2655
201 14 000 3150
201 14 010 0103
201 15 37 60172
201 16 000 1000
201 16 000 2000
201 16 010 0024
201 16 011 2110
201 16 015 0000
201 16 015 2000
201 16 25 00001
202 00 010 0111
202 00 010 0125
202 00 010 0622
202 00 011 0127
202 00 011 0141
202 00 012 0127
202 00 012 0142
202 00 012 0515
202 00 015 0140
202 00 021 0234
202 00 031 0000
202 00 033 4035
202 00 036 0026
202 00 036 0076
202 00 040 0006
202 00 040 0007
202 00 100 2103
202 00 110 1650
202 00 110 1651
202 00 110 2266
202 00 110 7210
202 00 111 3520
202 00 22 00000
202 00 23 00474
202 00 24 02003
202 00 26 65236
202 00 26 73722
202 00 26 75214
202 00 27 03750
202 00 30 03640
202 00 30 04556
202 00 30 05206
202 00 30 65027
202 01 010 0016
202 01 010 1040
202 01 22 00130
202 01 24 00004
202 01 27 01607
202 02 010 0000
202 02 010 0010
202 02 010 0102
202 02 010 2110
202 02 011 0103
202 03 010 0066
202 04 010 0010
202 06 000 0617
202 06 015 0040
202 06 30 00211
202 07 000 1536
202 07 000 1552
202 07 010 0030
202 07 045 0016
202 07 22 00350
202 07 22 01566
202 07 26 00213
202 07 26 00426
202 07 27 00231
202 07 27 00311
202 07 27 01607
202 07 30 00252
202 10 37 00000
202 14 015 0102
202 14 24 77771
202 15 012 0000
202 15 044 0016
202 15 25 77775
202 16 000 1001
202 16 011 0153
202 16 111 2143
202 16 31 05176
202 16 37 00000
202 17 010 0103
202 17 31 00000
203 00 000 2213
203 00 000 2221
203 00 010 0041
203 00 010 0112
203 00 010 0113
203 00 010 0155
203 00 010 0436
203 00 010 2650
203 00 011 0103
203 00 011 0134
203 00 011 0142
203 00 011 0160
203 00 011 0546
203 00 012 0162
203 00 012 0515
203 00 015 2040
203 00 036 0030
203 00 036 0034
203 00 036 0074
203 00 040 0006
203 00 100 2266
203 00 110 1650
203 00 110 3363
203 00 23 00474
203 00 24 00003
203 00 24 02003
203 00 26 65205
203 00 26 73626
203 00 27 74701
203 00 27 76605
203 01 000 1040
203 01 010 0001
203 02 000 0000
203 03 000 0066
203 03 000 0104
203 03 010 0066
203 03 012 0103
203 03 015 0104
203 04 24 00000
203 05 24 00000
203 06 000 0040
203 06 010 0000
203 06 021 0626
203 06 044 0015
203 07 000 0502
203 07 000 1566
203 07 010 0041
203 07 015 0515
203 07 015 1536
203 07 24 00001
203 07 26 01613
203 07 27 00034
203 07 27 00221
203 07 27 01211
203 07 30 00157
203 07 30 00715
203 07 30 01267
203 13 24 77722
203 14 000 3030
203 14 044 0015
203 14 22 00007
203 15 000 0000
203 15 30 00000
203 15 31 04516
203 16 000 1010
203 16 010 3055
203 16 110 2143
203 16 110 3400
203 16 24 00161
203 17 000 0006
203 17 010 0004
203 17 24 00000
204 00 000 1173
204 00 000 2040
204 00 000 2205
204 00 000 3763
204 00 005 0162
204 00 010 0000
204 00 010 0102
204 00 010 0474
204 00 010 1130
204 00 010 3267
204 00 011 0116
204 00 011 0123
204 00 011 0130
204 00 011 0172
204 00 011 1414
204 00 011 2054
204 00 012 0140
204 00 012 0160
204 00 012 1163
204 00 012 3763
204 00 013 1173
204 00 013 2335
204 00 015 0130
204 00 023 1163
204 00 036 0114
204 00 110 7211
204 00 22 00000
204 00 23 02222
204 00 24 00003
204 00 26 03750
204 00 27 16607
204 00 27 74610
204 02 000 0002
204 02 010 0000
204 02 010 0006
204 02 010 2365
204 02 011 0103
204 02 044 0003
204 03 25 77777
204 04 011 0123
204 05 24 00000
204 05 31 00000
204 06 000 0615
204 06 015 0615
204 06 22 00203
204 06 30 00000
204 07 000 0620
204 07 000 1536
204 07 000 1742
204 07 010 0502
204 07 010 1605
204 07 012 0337
204 07 013 1742
204 07 015 0620
204 07 22 01201
204 07 26 00220
204 07 26 00244
204 07 27 00206
204 10 026 0100
204 11 31 70366
204 12 30 00000
204 14 044 0002
204 14 37 00000
204 14 37 15577
204 15 25 00005
204 16 24 00011
204 16 24 77775
204 17 24 77001
205 00 000 0005
205 00 000 0474
205 00 000 1130
205 00 000 2204
205 00 000 7254
205 00 010 0103
205 00 010 0162
205 00 010 0541
205 00 010 2645
205 00 010 3030
205 00 011 0142
205 00 011 0546
205 00 012 0163
205 00 013 0110
205 00 013 0162
205 00 015 7254
205 00 036 0030
205 00 036 0040
205 00 036 0076
205 00 036 0101
205 00 036 0110
205 00 040 0006
205 00 042 0002
205 00 042 0003
205 00 042 0027
205 00 110 1650
205 00 110 2050
205 00 110 6776
205 00 110 7207
205 00 112 7000
205 00 22 00000
205 00 23 00474
205 00 26 05632
205 00 26 74206
205 01 000 0011
205 02 000 0001
205 02 000 2365
205 02 013 0532
205 02 23 00523
205 02 24 74446
205 04 026 0100
205 06 000 0007
205 06 010 0617
205 06 30 01030
205 07 000 0041
205 07 000 0502
205 07 010 0042
205 07 010 0625
205 07 010 1621
205 07 010 1661
205 07 011 0653
205 07 22 00201
205 07 22 01204
205 07 22 01742
205 07 26 00157
205 07 26 00207
205 07 27 00610
205 07 30 00224
205 10 044 0016
205 10 31 67513
205 11 25 00003
205 11 31 17561
205 12 015 0102
205 13 24 01206
205 13 37 00000
205 14 24 77776
205 15 010 0001
205 15 25 00003
205 15 31 75150
205 16 000 1030
205 16 011 1442
205 16 22 00003
205 16 24 00000
205 17 011 0103
206 00 000 2214
206 00 000 2645
206 00 003 2214
206 00 010 0000
206 00 010 0373
206 00 010 1343
206 00 010 2213
206 00 011 0154
206 00 011 0160
206 00 011 0231
206 00 013 0605
206 00 030 0037
206 00 031 0000
206 00 033 4100
206 00 036 0076
206 00 036 0136
206 00 040 0002
206 00 040 0005
206 00 042 0011
206 00 100 7201
206 00 110 2116
206 00 110 3363
206 00 110 7207
206 00 115 0425
206 00 22 00000
206 00 24 02002
206 00 26 73611
206 00 27 17060
206 00 30 16617
206 00 30 74671
206 01 24 77776
206 02 000 0532
206 03 000 0000
206 03 015 0000
206 03 015 0055
206 04 24 00001
206 06 000 0616
206 06 015 0616
206 06 24 77771
206 06 37 65205
206 07 000 0303
206 07 000 0625
206 07 010 0305
206 07 010 1026
206 07 010 1674
206 07 011 0040
206 07 011 1742
206 07 012 1030
206 07 012 1321
206 07 015 0654
206 07 22 00056
206 07 22 00514
206 07 24 60635
206 07 26 00210
206 07 27 00034
206 07 27 00213
206 07 27 01211
206 07 27 01667
206 10 30 00000
206 10 34 00000
206 11 011 2000
206 11 34 00000
206 12 24 77722
206 13 110 6031
206 13 24 00277
206 14 010 3030
206 15 24 00000
206 15 31 17762
206 16 000 1032
206 16 000 1033
206 16 000 1442
206 16 000 2110
206 16 110 3376
206 16 22 00003
206 16 24 00014
206 16 30 00000
207 00 000 0001
207 00 000 2213
207 00 003 2215
207 00 010 0000
207 00 010 1344
207 00 010 1413
207 00 010 3267
207 00 011 0120
207 00 011 0515
207 00 011 0545
207 00 012 0162
207 00 012 0513
207 00 013 0111
207 00 036 0040
207 00 036 0070
207 00 036 0076
207 00 036 0117
207 00 036 0155
207 00 040 0015
207 00 042 0014
207 00 042 0015
207 00 042 0016
207 00 043 0033
207 00 100 3426
207 00 110 7026
207 00 111 7201
207 00 112 2116
207 00 22 00000
207 00 24 02003
207 00 26 74222
207 00 27 74760
207 00 30 05176
207 01 011 1736
207 01 26 00215
207 02 010 0001
207 02 010 2365
207 02 011 0103
207 02 25 77777
207 03 000 0055
207 03 24 77001
207 04 24 50001
207 04 24 77771
207 05 22 00205
207 06 044 0016
207 06 37 65207
207 07 000 0046
207 07 000 0612
207 07 010 1742
207 07 011 1713
207 07 22 00132
207 07 26 00212
207 07 26 01213
207 07 27 00216
207 07 27 01215
207 10 31 16522
207 11 000 2000
207 11 24 73724
207 14 010 3030
207 14 24 00002
207 15 24 00636
207 15 25 00001
207 15 31 15717
207 15 31 17760
207 16 000 1034
207 16 000 1035
207 16 015 0000
207 16 044 0033
207 16 100 3400
207 16 24 00030
207 16 24 00613
207 16 31 05176
207 17 24 00072
207 17 25 77777
210 00 000 1343
210 00 000 1463
210 00 010 0000
210 00 010 0162
210 00 010 0221
210 00 010 3404
210 00 011 0513
210 00 011 1163
210 00 012 2213
210 00 013 0606
210 00 015 0103
210 00 015 0442
210 00 015 2205
210 00 015 3100
210 00 022 0000
210 00 031 0000
210 00 036 0061
210 00 036 0070
210 00 037 0003
210 00 040 0006
210 00 040 0013
210 00 040 0027
210 00 043 0032
210 00 044 0027
210 00 100 2071
210 00 110 3363
210 00 110 7210
210 00 112 7201
210 00 22 02000
210 00 24 00003
210 00 24 02003
210 00 27 64226
210 00 30 15003
210 00 30 66454
210 00 30 74176
210 01 000 2102
210 01 010 0103
210 01 010 2077
210 01 22 00205
210 01 34 00000
210 02 31 73701
210 02 32 00000
210 02 34 16615
210 04 010 1740
210 05 24 00000
210 06 30 00161
210 06 30 00667
210 06 35 00000
210 07 000 0541
210 07 010 1021
210 07 010 1026
210 07 010 1534
210 07 015 0046
210 07 015 0303
210 07 22 00211
210 07 22 00213
210 07 26 01613
210 07 27 01220
210 07 30 01215
210 10 24 00001
210 10 24 74612
210 11 24 73600
210 11 35 75271
210 12 23 02301
210 15 25 00002
210 15 31 75105
210 16 000 1036
210 16 010 2110
210 16 010 3171
210 16 24 00000
210 16 24 77721
210 16 37 00000
210 17 010 0000
210 17 011 0103
210 17 25 00001
210 17 31 15712
211 00 000 0442
211 00 000 1344
211 00 000 2330
211 00 010 0000
211 00 010 0170
211 00 010 0474
211 00 010 0533
211 00 010 1026
211 00 010 1443
211 00 010 2213
211 00 010 3367
211 00 011 0117
211 00 011 0162
211 00 011 0164
211 00 011 0231
211 00 011 1414
211 00 011 2055
211 00 012 0164
211 00 013 2341
211 00 015 0107
211 00 015 0111
211 00 015 2330
211 00 036 0064
211 00 036 0074
211 00 036 0106
211 00 036 0112
211 00 040 0007
211 00 042 0013
211 00 100 6777
211 00 110 1650
211 00 110 2141
211 00 111 2135
211 00 115 6777
211 00 22 00000
211 00 26 05630
211 00 26 15237
211 00 26 76213
211 00 30 66650
211 00 30 74705
211 01 000 1726
211 01 000 2077
211 01 010 0016
211 01 24 00025
211 01 25 77777
211 01 27 01500
211 02 010 2110
211 02 22 00003
211 02 24 00000
211 03 000 0000
211 03 015 0000
211 04 011 0123
211 04 013 0007
211 04 24 00000
211 04 26 00000
211 05 044 0012
211 06 011 1023
211 07 000 0046
211 07 000 0305
211 07 010 0042
211 07 015 0031
211 07 22 01400
211 07 26 00273
211 10 010 0053
211 11 24 73626
211 13 044 0032
211 13 24 77740
211 14 044 0013
211 15 31 75105
211 16 000 0000
211 16 010 3055
211 16 24 00000
211 17 000 0005
211 17 003 0000
211 17 24 00000
211 17 34 60616
211 17 37 00000
212 00 000 1346
212 00 003 2221
212 00 010 0134
212 00 010 0231
212 00 010 2102
212 00 011 0156
212 00 011 0222
212 00 011 0230
212 00 011 0545
212 00 012 1155
212 00 012 1163
212 00 013 0132
212 00 015 0542
212 00 015 1027
212 00 015 1346
212 00 015 1444
212 00 015 2204
212 00 015 2213
212 00 023 0000
212 00 036 0077
212 00 036 0102
212 00 036 0110
212 00 040 0003
212 00 040 0006
212 00 040 0015
212 00 040 0017
212 00 110 2141
212 00 115 7011
212 00 22 00000
212 00 24 02003
212 00 26 04503
212 00 26 04616
212 00 26 74264
212 00 27 75271
212 00 30 04442
212 01 000 0016
212 01 000 0733
212 01 010 1726
212 01 045 0013
212 01 37 17610
212 02 010 2365
212 02 22 00003
212 02 31 00000
212 03 010 0117
212 04 000 0007
212 05 24 00000
212 05 24 01353
212 06 26 00616
212 07 000 0031
212 07 000 0046
212 07 000 1040
212 07 010 1021
212 07 015 0046
212 07 015 1040
212 07 22 00263
212 07 30 00120
212 07 30 00210
212 10 036 0100
212 11 31 70367
212 13 010 0200
212 16 010 2110
212 16 036 0100
212 16 044 0002
212 16 31 05176
212 17 000 0000
212 17 010 0077
213 00 000 2213
213 00 000 2217
213 00 000 3300
213 00 003 2217
213 00 003 2220
213 00 006 0157
213 00 010 0000
213 00 010 0113
213 00 010 1030
213 00 010 3376
213 00 011 0114
213 00 011 0150
213 00 011 0172
213 00 011 0436
213 00 011 0546
213 00 011 1163
213 00 011 1463
213 00 011 2647
213 00 012 0163
213 00 012 0436
213 00 015 0122
213 00 015 3764
213 00 021 3227
213 00 036 0042
213 00 036 0110
213 00 036 0117
213 00 040 0005
213 00 040 0014
213 00 042 0016
213 00 110 1640
213 00 112 7011
213 00 22 00000
213 00 24 00003
213 00 24 02003
213 00 26 04616
213 00 30 74264
213 01 010 0001
213 01 011 0102
213 01 110 2166
213 01 22 00202
213 01 22 00755
213 02 010 0332
213 02 010 3171
213 02 012 0335
213 03 000 0011
213 03 015 0000
213 04 000 1740
213 05 24 00001
213 06 012 0103
213 07 000 0626
213 07 000 1021
213 07 010 0042
213 07 010 0247
213 07 010 1037
213 07 010 1751
213 07 22 01400
213 07 26 00201
213 07 26 00215
213 07 30 01216
213 10 24 02000
213 10 30 00000
213 12 37 00000
213 14 036 0110
213 15 010 7565
213 15 24 00001
213 15 25 77726
213 15 31 04516
213 16 111 2151
213 16 24 00000
213 16 24 01752
213 17 000 0006
213 17 24 77761
213 17 24 77777
214 00 000 1425
214 00 000 3764
214 00 000 5431
214 00 003 2216
214 00 010 0531
214 00 010 2213
214 00 011 0172
214 00 011 0231
214 00 011 0436
214 00 011 0546
214 00 013 0162
214 00 013 0172
214 00 015 0137
214 00 015 1155
214 00 015 1166
214 00 015 1346
214 00 023 0000
214 00 030 0037
214 00 036 0076
214 00 036 0114
214 00 040 0004
214 00 040 0010
214 00 040 0016
214 00 042 0007
214 00 111 2266
214 00 112 1543
214 00 115 1647
214 00 22 42776
214 00 24 00003
214 00 26 17715
214 00 27 06454
214 00 27 73616
214 01 000 0102
214 01 010 0103
214 01 010 0733
214 01 24 77711
214 01 30 00113
214 02 045 0005
214 03 010 0070
214 05 010 0030
214 06 24 77761
214 07 000 0541
214 07 000 1037
214 07 010 0613
214 07 010 1026
214 07 010 1036
214 07 010 1045
214 07 011 0035
214 07 013 0523
214 07 22 00403
214 07 22 01610
214 07 27 00201
214 07 27 00216
214 07 27 01527
214 07 30 00246
214 07 30 00273
214 10 044 0011
214 11 24 00000
214 12 24 77777
214 13 100 6031
214 15 045 0005
214 15 35 00000
214 16 010 3404
214 16 036 0124
214 16 24 00014
214 17 000 0003
214 17 011 0103
214 17 22 00000
215 00 000 1030
215 00 000 1155
215 00 000 1443
215 00 000 2214
215 00 010 0000
215 00 010 0155
215 00 010 1425
215 00 010 2077
215 00 011 0111
215 00 011 0122
215 00 011 0153
215 00 011 0164
215 00 011 0230
215 00 012 0137
215 00 012 0436
215 00 013 0113
215 00 013 0547
215 00 015 0603
215 00 036 0110
215 00 036 0146
215 00 040 0001
215 00 040 0003
215 00 042 0010
215 00 110 3424
215 00 110 7023
215 00 111 2106
215 00 115 2266
215 00 22 00000
215 00 24 02003
215 00 26 76311
215 01 010 0011
215 01 044 0002
215 01 110 2166
215 01 22 00000
215 01 24 77761
215 01 27 01706
215 02 033 0000
215 03 010 0000
215 03 22 00000
215 04 24 00615
215 04 37 00000
215 05 31 65432
215 06 012 1424
215 06 22 00141
215 06 24 00000
215 07 000 0627
215 07 010 1045
215 07 012 0046
215 07 015 1354
215 07 020 2033
215 07 22 01036
215 07 26 00220
215 07 26 00224
215 07 27 00622
215 07 30 00060
215 10 24 00010
215 11 24 77770
215 14 010 0102
215 15 31 00000
215 16 000 2317
215 16 000 3404
215 16 015 2317
215 16 043 0001
215 16 111 2151
215 16 24 44000
215 16 25 77777
215 17 000 0007
215 17 012 0102
215 17 25 00001
216 00 000 2077
216 00 010 0000
216 00 010 0145
216 00 010 0163
216 00 010 0444
216 00 010 2222
216 00 011 0162
216 00 011 0164
216 00 011 0436
216 00 011 0546
216 00 015 0117
216 00 015 1355
216 00 015 2077
216 00 022 0000
216 00 023 0000
216 00 036 0110
216 00 040 0006
216 00 040 0014
216 00 040 0015
216 00 042 0017
216 00 100 2266
216 00 100 3424
216 00 110 1650
216 00 110 7023
216 00 115 7027
216 00 22 00000
216 00 24 00003
216 00 24 02003
216 00 26 05225
216 00 30 05176
216 00 30 76502
216 01 010 0733
216 01 010 1770
216 01 22 00067
216 01 26 00227
216 02 010 0016
216 02 044 0017
216 02 24 00000
216 02 25 77000
216 03 000 0103
216 03 011 0103
216 03 22 00000
216 04 120 2111
216 04 31 00000
216 04 35 17623
216 05 010 0030
216 06 010 0070
216 06 121 2111
216 06 27 00226
216 07 000 0043
216 07 000 0252
216 07 000 0477
216 07 000 0625
216 07 005 1551
216 07 010 1021
216 07 22 00250
216 07 26 00434
216 07 30 00224
216 07 30 00731
216 11 036 0110
216 12 37 60607
216 13 24 01217
216 14 34 60644
216 14 35 17620
216 15 000 1155
216 15 015 1155
216 16 31 16641
216 16 34 05260
216 16 35 04215
216 17 000 0000
216 17 24 00000
217 00 000 0444
217 00 000 1444
217 00 010 0000
217 00 010 0124
217 00 010 0133
217 00 010 0331
217 00 010 0445
217 00 010 0474
217 00 011 0200
217 00 011 0230
217 00 011 0436
217 00 012 1410
217 00 012 3324
217 00 036 0105
217 00 036 0151
217 00 040 0000
217 00 040 0002
217 00 042 0002
217 00 110 1642
217 00 22 00000
217 00 24 00003
217 00 26 05231
217 00 26 76363
217 00 30 16404
217 01 22 00000
217 01 27 01247
217 01 37 00000
217 02 010 0000
217 02 012 0123
217 02 22 00020
217 02 25 00100
217 02 30 00000
217 02 31 73701
217 03 010 1036
217 04 31 00000
217 05 000 0000
217 05 010 0324
217 05 015 0000
217 06 25 00177
217 06 30 00240
217 06 30 01110
217 07 010 0031
217 07 010 0043
217 07 010 1037
217 07 012 2033
217 07 015 2033
217 07 045 0016
217 07 22 00216
217 07 22 00252
217 07 26 00160
217 07 26 00311
217 07 26 00412
217 07 26 00621
217 07 26 01231
217 07 26 01633
217 07 30 01032
217 10 25 00001
217 10 30 00000
217 13 30 00000
217 14 010 0601
217 14 010 3030
217 14 22 00000
217 14 25 00000
217 14 25 00001
217 15 23 00007
217 16 000 2110
217 16 010 1155
217 16 100 3400
217 16 23 00523
217 17 011 0103
220 00 000 0405
220 00 000 0445
220 00 000 1413
220 00 000 2215
220 00 002 0037
220 00 005 0544
220 00 010 0044
220 00 010 0121
220 00 010 0163
220 00 010 0474
220 00 010 1163
220 00 010 1345
220 00 011 0436
220 00 012 0436
220 00 013 0132
220 00 015 1356
220 00 023 0166
220 00 031 0100
220 00 033 0050
220 00 036 0030
220 00 036 0050
220 00 036 0104
220 00 036 0140
220 00 040 0006
220 00 040 0010
220 00 040 0015
220 00 040 0017
220 00 042 0002
220 00 042 0013
220 00 100 1642
220 00 110 1650
220 00 110 3424
220 00 111 2050
220 00 112 2050
220 00 24 00003
220 00 26 76641
220 00 27 74630
220 00 30 03462
220 00 30 76156
220 01 013 0017
220 01 22 00000
220 02 010 0037
220 02 010 2110
220 02 22 00020
220 02 23 02122
220 04 012 0123
220 04 35 00000
220 05 000 0030
220 05 000 0117
220 06 24 00000
220 07 000 1001
220 07 000 1741
220 07 000 1751
220 07 005 0625
220 07 010 1021
220 07 010 1665
220 07 012 0332
220 07 22 00231
220 07 22 01622
220 07 27 00113
220 07 30 00243
220 13 23 76031
220 15 044 0003
220 16 110 3415
220 16 115 3354
220 16 25 77750
221 00 000 1355
221 00 007 2665
221 00 010 0000
221 00 010 0103
221 00 010 0231
221 00 010 2203
221 00 011 0113
221 00 011 0157
221 00 011 0172
221 00 011 0513
221 00 011 0546
221 00 012 0163
221 00 012 0464
221 00 015 0117
221 00 023 0166
221 00 036 0063
221 00 036 0073
221 00 036 0117
221 00 040 0000
221 00 040 0013
221 00 040 0014
221 00 040 0015
221 00 042 0006
221 00 042 0016
221 00 110 2116
221 00 112 2316
221 00 22 00000
221 00 26 74624
221 00 26 75305
221 00 27 65224
221 01 000 0001
221 01 000 0017
221 01 010 1770
221 01 011 0573
221 01 013 0001
221 01 045 0002
221 01 26 01216
221 01 26 01674
221 01 31 70427
221 03 25 00001
221 04 011 0123
221 04 24 00006
221 05 021 0335
221 05 25 00025
221 06 30 01277
221 07 000 0777
221 07 007 1300
221 07 010 1021
221 07 010 1273
221 07 22 00311
221 07 22 01214
221 07 22 01253
221 07 26 00311
221 07 26 01231
221 12 012 0103
221 15 25 77577
221 16 012 0114
221 16 015 0000
221 16 100 3405
221 16 111 3405
221 16 27 00000
221 16 34 00000
221 17 000 2122
221 17 24 00000
222 00 000 0474
222 00 000 1356
222 00 002 0037
222 00 010 0142
222 00 010 0452
222 00 010 2077
222 00 012 0163
222 00 036 0102
222 00 036 0103
222 00 036 0112
222 00 036 0114
222 00 036 0151
222 00 040 0002
222 00 040 0006
222 00 040 0016
222 00 042 0013
222 00 042 0015
222 00 110 1650
222 00 110 1747
222 00 110 3424
222 00 111 2136
222 00 112 2116
222 00 22 00000
222 00 27 06624
222 00 27 16543
222 00 27 66001
222 00 27 67226
222 00 30 66435
222 01 000 0573
222 01 000 1770
222 01 010 0663
222 01 012 1770
222 01 033 0050
222 01 26 01225
222 03 22 01036
222 05 000 0120
222 05 015 0325
222 06 35 00000
222 07 000 0045
222 07 000 1000
222 07 000 1273
222 07 010 1045
222 07 015 1751
222 07 22 00230
222 07 22 00233
222 07 22 01630
222 07 26 00225
222 07 26 00630
222 07 27 00626
222 07 27 01226
222 07 30 01045
222 07 30 01625
222 11 036 0050
222 11 24 00000
222 14 37 00000
222 15 011 0103
222 15 25 00007
222 15 30 00000
222 15 31 04623
222 15 34 00000
222 16 010 1442
222 16 110 3467
222 16 24 77751
222 16 35 76624
222 17 015 0103
222 17 24 00000
222 17 37 00000
223 00 000 1442
223 00 000 2077
223 00 000 2213
223 00 000 2222
223 00 010 0000
223 00 010 0163
223 00 010 0217
223 00 010 2052
223 00 010 2066
223 00 010 3361
223 00 011 0230
223 00 015 0132
223 00 031 0000
223 00 033 0141
223 00 040 0015
223 00 040 0016
223 00 042 0005
223 00 042 0014
223 00 100 3424
223 00 110 7036
223 00 111 1615
223 00 22 00000
223 00 24 00003
223 00 24 02003
223 00 26 74233
223 00 30 66001
223 01 015 0053
223 02 000 0053
223 02 010 0037
223 02 011 0053
223 02 044 0005
223 03 22 00000
223 05 22 00364
223 05 25 00001
223 06 30 00606
223 07 000 1045
223 07 010 0477
223 07 22 00171
223 07 27 00232
223 07 30 00107
223 10 010 0623
223 11 25 00001
223 12 000 0000
223 12 011 0102
223 14 010 0000
223 14 22 01710
223 14 24 77773
223 15 015 0153
223 15 31 04516
223 15 34 00000
223 16 000 0000
223 16 000 1442
223 16 010 0027
223 16 015 0103
223 16 033 4100
223 17 24 00003
223 17 24 00042
224 00 000 2061
224 00 000 2066
224 00 002 0237
224 00 010 0160
224 00 010 1451
224 00 010 1463
224 00 011 0105
224 00 011 0144
224 00 011 0156
224 00 011 0231
224 00 011 0442
224 00 012 0141
224 00 012 0231
224 00 036 0070
224 00 040 0000
224 00 040 0021
224 00 042 0011
224 00 110 1747
224 00 111 1615
224 00 111 2050
224 00 22 00000
224 00 24 00003
224 00 26 04632
224 00 26 06627
224 00 26 17635
224 00 27 16543
224 00 30 05176
224 01 012 0053
224 01 22 00000
224 01 26 00215
224 01 27 00635
224 01 30 01067
224 02 011 0102
224 02 22 00020
224 03 000 1036
224 03 010 0006
224 03 37 00000
224 05 005 0001
224 05 24 00001
224 07 005 0045
224 07 010 0031
224 07 010 1026
224 07 010 1532
224 07 012 1030
224 07 22 00171
224 07 22 01175
224 07 22 01231
224 07 26 00747
224 07 27 00031
224 07 27 01626
224 11 24 77775
224 12 010 0102
224 13 126 3453
224 14 22 00000
224 14 25 00001
224 15 010 0071
224 15 011 0103
224 15 25 77573
224 15 31 00000
224 15 31 04634
224 16 010 2110
224 16 011 0114
224 16 015 0114
224 16 30 00000
225 00 000 1451
225 00 000 2665
225 00 010 0442
225 00 010 0474
225 00 010 0546
225 00 010 1345
225 00 010 2002
225 00 010 2222
225 00 010 3230
225 00 011 0172
225 00 011 0436
225 00 012 0124
225 00 012 0217
225 00 012 0547
225 00 013 0162
225 00 033 0147
225 00 036 0071
225 00 040 0010
225 00 040 0014
225 00 042 0003
225 00 113 2136
225 00 22 00000
225 00 24 02003
225 00 26 74626
225 00 27 20215
225 00 27 64617
225 01 015 0017
225 01 115 1227
225 01 22 00223
225 01 22 01241
225 01 26 01232
225 02 010 0040
225 02 22 00020
225 02 24 00015
225 03 25 00036
225 04 24 00000
225 05 000 0121
225 05 27 00320
225 07 010 0303
225 07 010 1073
225 07 010 1344
225 07 015 0027
225 07 26 00241
225 07 26 01566
225 07 30 01631
225 10 24 00000
225 10 27 00000
225 11 045 0010
225 12 24 00000
225 14 044 0015
225 14 25 00001
225 15 015 1464
225 15 24 77776
225 15 25 00146
225 15 31 17762
225 15 34 00000
225 16 35 16700
225 16 37 00000
225 17 000 0001
225 17 011 0103
225 17 036 0107
225 17 31 00000
226 00 000 1351
226 00 010 0000
226 00 010 1130
226 00 010 1442
226 00 011 0104
226 00 011 0153
226 00 012 0104
226 00 012 0144
226 00 015 0144
226 00 036 0073
226 00 036 0077
226 00 040 0003
226 00 040 0011
226 00 042 0006
226 00 042 0016
226 00 100 0231
226 00 111 2050
226 00 111 2136
226 00 112 3424
226 00 22 16000
226 00 24 00003
226 00 24 02003
226 00 26 15641
226 00 26 17631
226 00 27 05720
226 00 27 73717
226 00 30 07001
226 00 30 16543
226 00 30 66437
226 00 30 71177
226 01 000 0017
226 01 010 0002
226 01 010 0663
226 03 010 0050
226 03 22 00000
226 04 37 00000
226 05 22 00346
226 06 24 00006
226 07 000 0303
226 07 000 0316
226 07 005 0026
226 07 010 1021
226 07 22 00171
226 07 22 00231
226 07 22 00321
226 07 22 01604
226 07 22 01616
226 07 26 00145
226 07 27 00736
226 10 044 0016
226 10 35 00000
226 11 010 0000
226 11 010 0074
226 11 24 64235
226 12 045 0016
226 15 000 1464
226 15 010 0112
226 15 31 00000
226 15 34 00000
226 16 000 2770
226 16 010 2102
226 16 011 2770
226 16 110 3374
226 16 24 00000
226 16 24 77776
226 16 31 00000
226 16 31 05176
226 17 011 0123
226 17 24 77770
227 00 000 2002
227 00 010 0141
227 00 010 3300
227 00 010 3322
227 00 011 0127
227 00 011 0146
227 00 011 0230
227 00 013 0162
227 00 033 0147
227 00 036 0101
227 00 036 0103
227 00 040 0006
227 00 042 0003
227 00 042 0010
227 00 042 0013
227 00 042 0016
227 00 110 1650
227 00 110 1744
227 00 111 3433
227 00 22 00000
227 00 24 00003
227 00 24 02003
227 00 26 15641
227 00 26 73670
227 00 26 74634
227 00 26 76637
227 00 27 04234
227 00 27 05720
227 01 000 0010
227 01 012 0102
227 01 26 01232
227 01 27 01067
227 01 37 00000
227 02 044 0003
227 02 24 00000
227 03 24 70641
227 05 000 0000
227 05 000 0123
227 05 015 0326
227 06 24 76001
227 06 35 00000
227 07 000 0303
227 07 000 1073
227 07 000 1567
227 07 010 1273
227 07 010 1541
227 07 010 1605
227 07 22 00112
227 07 26 01637
227 07 27 00231
227 07 30 00244
227 10 25 00070
227 11 24 00000
227 12 24 00000
227 15 010 0000
227 15 011 0103
227 15 126 3456
227 15 24 00000
227 15 31 04623
227 16 011 1442
227 16 012 1442
227 16 045 0003
227 16 110 3403
227 16 25 00030
227 16 31 05176
230 00 010 0000
230 00 010 0150
230 00 010 1745
230 00 010 2202
230 00 011 0162
230 00 011 0546
230 00 012 0163
230 00 023 0166
230 00 036 0026
230 00 036 0055
230 00 036 0070
230 00 036 0101
230 00 036 0103
230 00 040 0012
230 00 040 0016
230 00 040 0021
230 00 22 00000
230 00 23 02144
230 00 30 17613
230 01 22 01632
230 02 013 0060
230 02 044 0017
230 03 24 77742
230 04 24 77773
230 05 000 0122
230 05 010 0372
230 05 31 64315
230 05 34 00000
230 06 25 77777
230 06 30 01157
230 07 000 1554
230 07 005 1551
230 07 010 0303
230 07 22 00073
230 07 26 01205
230 07 26 01656
230 07 30 00360
230 10 010 0573
230 10 24 00001
230 10 30 00000
230 14 044 0015
230 14 044 0016
230 15 24 77401
230 15 25 00031
230 16 000 1111
230 16 010 3404
230 16 015 3442
230 16 110 3370
230 16 24 00001
230 16 34 76632
230 17 24 00000
230 17 24 00001
230 17 24 77674
231 00 000 1350
231 00 000 3231
231 00 010 0000
231 00 010 0054
231 00 010 0141
231 00 010 0221
231 00 010 1746
231 00 010 2213
231 00 010 3441
231 00 011 0133
231 00 011 0230
231 00 011 0445
231 00 011 0513
231 00 011 3017
231 00 015 0324
231 00 031 0000
231 00 036 0063
231 00 040 0003
231 00 040 0012
231 00 040 0016
231 00 042 0003
231 00 042 0006
231 00 042 0010
231 00 042 0014
231 00 22 00000
231 00 26 64573
231 00 27 01635
231 02 000 0060
231 04 25 77777
231 05 24 65562
231 06 045 0012
231 06 23 02345
231 07 000 0051
231 07 000 0303
231 07 000 1066
231 07 000 1542
231 07 000 1755
231 07 010 0307
231 07 010 1037
231 07 010 1715
231 07 012 0046
231 07 015 0030
231 07 021 0033
231 07 045 0016
231 07 22 01400
231 07 23 01550
231 07 26 00246
231 07 27 00663
231 07 30 00620
231 11 25 77775
231 13 24 00000
231 15 000 0377
231 15 010 0000
231 15 026 3064
231 15 25 00005
231 15 25 77775
231 15 31 04607
231 15 34 00000
231 16 000 3115
231 16 012 1111
231 16 015 1200
231 16 25 00000
231 16 31 05224
232 00 010 0442
232 00 010 1462
232 00 011 0126
232 00 011 0127
232 00 011 0147
232 00 011 0231
232 00 011 0546
232 00 013 0622
232 00 015 2213
232 00 036 0050
232 00 036 0070
232 00 036 0075
232 00 036 0155
232 00 040 0016
232 00 042 0016
232 00 100 7630
232 00 110 1767
232 00 22 00000
232 00 23 01351
232 00 24 00003
232 00 24 02003
232 00 26 04234
232 00 26 17627
232 00 27 05560
232 01 22 00231
232 01 26 01635
232 01 27 00641
232 02 000 0061
232 02 000 1000
232 02 013 0061
232 02 015 1000
232 02 015 2365
232 03 010 0006
232 03 010 1036
232 05 015 0325
232 05 021 0335
232 06 013 3777
232 06 37 70632
232 07 000 0311
232 07 000 1551
232 07 010 0276
232 07 010 1307
232 07 010 1754
232 07 011 0300
232 07 22 00031
232 07 22 00073
232 07 22 01175
232 07 22 01226
232 07 26 00224
232 07 26 01655
232 07 27 01634
232 10 24 77777
232 10 31 66655
232 11 30 00000
232 12 22 00000
232 12 24 00110
232 14 24 00000
232 15 015 0103
232 15 24 00000
232 15 25 00016
232 15 34 00000
232 15 37 00000
232 16 000 1200
232 16 000 3442
232 16 010 1400
232 16 010 2102
232 16 110 3370
232 16 110 3374
232 16 24 00000
232 16 30 00000
232 17 000 0002
232 17 24 76001
233 00 000 0442
233 00 000 1462
233 00 010 0160
233 00 010 0221
233 00 010 0442
233 00 010 0546
233 00 010 1173
233 00 011 0230
233 00 011 0513
233 00 011 0517
233 00 015 0153
233 00 031 0000
233 00 033 4035
233 00 036 0030
233 00 036 0101
233 00 036 0103
233 00 036 0127
233 00 037 0003
233 00 040 0017
233 00 042 0003
233 00 042 0012
233 00 042 0015
233 00 100 1645
233 00 110 3371
233 00 112 2050
233 00 22 00000
233 00 23 02222
233 00 24 02003
233 00 26 73635
233 00 27 64265
233 01 010 0000
233 01 22 00450
233 01 27 01067
233 02 000 2365
233 02 010 0000
233 03 010 0000
233 03 24 00002
233 05 000 0124
233 05 31 64335
233 07 000 1754
233 07 010 0477
233 07 010 1304
233 07 22 00060
233 07 22 00231
233 07 22 01635
233 07 26 00235
233 07 26 00636
233 07 27 01664
233 10 036 0100
233 11 35 00000
233 11 35 16562
233 12 24 77773
233 13 24 00635
233 14 000 3030
233 14 015 3030
233 14 24 00000
233 15 010 1464
233 15 25 77777
233 15 30 00000
233 15 31 15717
233 16 000 0776
233 16 000 0777
233 16 000 1400
233 16 000 2770
233 16 010 3374
233 16 010 3404
233 16 015 3233
233 16 24 00000
233 16 31 00000
233 17 013 0002
233 17 22 01777
233 17 23 02122
233 17 31 00000
233 17 37 00000
234 00 000 0442
234 00 000 0622
234 00 000 2213
234 00 005 0162
234 00 006 3357
234 00 010 0000
234 00 010 0143
234 00 010 0221
234 00 010 0444
234 00 010 1350
234 00 011 0546
234 00 011 1454
234 00 011 2650
234 00 012 0546
234 00 013 3231
234 00 015 0102
234 00 022 0000
234 00 036 0132
234 00 036 0135
234 00 040 0015
234 00 042 0004
234 00 100 3371
234 00 100 7631
234 00 110 7630
234 00 115 1770
234 00 22 00000
234 00 24 00000
234 00 24 00003
234 00 24 02003
234 00 27 05642
234 00 27 65631
234 00 30 65422
234 00 30 67671
234 01 010 0663
234 01 30 01644
234 02 000 0000
234 02 013 0014
234 03 24 70636
234 03 34 74643
234 04 24 00000
234 05 22 00364
234 07 000 1015
234 07 000 1021
234 07 000 1031
234 07 000 1437
234 07 000 1667
234 07 000 1715
234 07 010 0312
234 07 015 1021
234 07 015 1031
234 07 27 00224
234 07 27 01621
234 07 30 00224
234 07 30 01615
234 10 010 0000
234 10 044 0014
234 10 24 00003
234 11 044 0002
234 11 24 00004
234 12 011 0103
234 14 010 0000
234 15 100 7043
234 15 24 77742
234 15 31 00000
234 15 34 00000
234 16 000 1022
234 16 000 3404
234 16 011 0153
234 16 012 3233
234 16 30 00000
234 17 000 0002
234 17 22 01777
235 00 000 1443
235 00 000 3231
235 00 010 0163
235 00 010 0446
235 00 010 1155
235 00 010 1345
235 00 010 3764
235 00 011 0104
235 00 011 0117
235 00 011 0542
235 00 011 0546
235 00 011 2662
235 00 011 3030
235 00 036 0061
235 00 036 0103
235 00 036 0135
235 00 037 0003
235 00 040 0016
235 00 042 0012
235 00 100 3426
235 00 110 1657
235 00 110 2040
235 00 111 2106
235 00 22 00000
235 00 23 77631
235 00 24 00003
235 00 24 02003
235 00 26 64676
235 00 27 04261
235 00 27 06432
235 00 27 71240
235 00 27 74262
235 01 010 0663
235 01 22 01216
235 01 25 02000
235 01 26 01251
235 01 27 00643
235 02 000 0014
235 02 011 0102
235 02 25 76000
235 03 111 2106
235 05 000 0125
235 05 30 00000
235 06 31 70532
235 07 000 0312
235 07 000 1440
235 07 010 0307
235 07 010 1040
235 07 010 1344
235 07 013 0040
235 07 015 1667
235 07 22 01615
235 07 27 00216
235 07 27 00663
235 10 24 00010
235 11 044 0002
235 11 24 00000
235 12 30 00000
235 14 010 3030
235 14 045 0015
235 15 000 0037
235 15 000 1464
235 15 24 00000
235 15 31 75150
235 16 000 1011
235 16 000 1400
235 16 010 2102
235 16 015 1011
235 16 026 3064
235 16 110 3403
235 16 22 00000
235 16 24 77773
235 16 34 05641
235 17 010 2122
235 17 37 70233
236 00 000 0622
236 00 000 1155
236 00 000 2044
236 00 000 2214
236 00 000 3764
236 00 010 0103
236 00 010 0113
236 00 010 0442
236 00 010 2202
236 00 011 0103
236 00 011 0107
236 00 011 0110
236 00 011 0114
236 00 011 0141
236 00 011 0143
236 00 011 0230
236 00 011 0470
236 00 011 3272
236 00 011 3763
236 00 012 0113
236 00 015 0622
236 00 015 3015
236 00 036 0031
236 00 036 0051
236 00 036 0075
236 00 036 0110
236 00 036 0112
236 00 036 0152
236 00 040 0012
236 00 042 0016
236 00 110 2141
236 00 112 1640
236 00 112 1645
236 00 22 00000
236 00 26 17627
236 00 26 64265
236 00 26 73670
236 00 27 70617
236 00 27 74174
236 01 010 0663
236 01 27 00265
236 01 27 01642
236 02 000 0017
236 02 013 0017
236 02 25 02000
236 03 37 00000
236 04 37 70232
236 05 22 00346
236 05 24 77777
236 05 30 01242
236 06 37 00000
236 07 000 1667
236 07 000 1702
236 07 010 0042
236 07 010 0306
236 07 010 0307
236 07 010 1026
236 07 010 1066
236 07 010 1557
236 07 011 0042
236 07 045 0011
236 07 22 00160
236 07 22 00632
236 07 22 00635
236 07 26 01640
236 07 30 01244
236 11 24 77770
236 11 37 00000
236 12 24 00000
236 12 24 00036
236 15 000 1000
236 15 012 0103
236 15 015 1000
236 15 24 00000
236 15 31 00000
236 15 31 04516
236 15 37 00000
236 16 000 0775
236 16 044 0011
236 16 31 05176
237 00 000 1745
237 00 000 3763
237 00 010 0000
237 00 010 0405
237 00 010 0513
237 00 010 0542
237 00 010 1443
237 00 010 2213
237 00 010 3274
237 00 011 0112
237 00 011 0154
237 00 011 0445
237 00 011 2337
237 00 011 2647
237 00 017 2050
237 00 036 0050
237 00 037 0003
237 00 042 0001
237 00 042 0016
237 00 100 3425
237 00 110 2035
237 00 110 3640
237 00 22 00000
237 00 24 00003
237 00 26 64577
237 00 27 17737
237 00 27 74262
237 00 30 70572
237 00 30 77466
237 01 010 0012
237 01 010 1726
237 01 012 1721
237 01 22 01216
237 01 26 01241
237 02 24 00001
237 03 24 77742
237 05 000 0127
237 05 015 0327
237 06 044 0013
237 06 24 70575
237 07 000 0052
237 07 000 1026
237 07 000 1040
237 07 000 1066
237 07 010 1105
237 07 015 1021
237 07 015 1667
237 07 045 0014
237 07 26 00243
237 07 26 00250
237 07 26 00310
237 07 26 00500
237 07 30 00244
237 11 31 65251
237 12 24 00047
237 12 37 00000
237 13 31 06406
237 14 010 3150
237 15 012 0103
237 15 30 00000
237 16 000 1017
237 16 010 0775
237 16 100 1653
237 16 110 7777
237 16 115 1653
237 16 24 00312
237 16 24 05610
237 16 31 05224
240 00 000 1173
240 00 000 1353
240 00 000 1746
240 00 000 2006
240 00 000 2213
240 00 010 0114
240 00 010 0163
240 00 011 0141
240 00 011 0230
240 00 011 0513
240 00 011 3317
240 00 015 3104
240 00 031 0100
240 00 036 0076
240 00 036 0114
240 00 036 0120
240 00 040 0004
240 00 100 2141
240 00 110 1540
240 00 24 02003
240 00 27 15253
240 00 27 17721
240 00 27 64671
240 00 27 75257
240 00 30 76620
240 01 010 1726
240 01 012 0001
240 01 26 00277
240 01 27 01642
240 01 30 01463
240 01 30 01512
240 02 010 2365
240 02 011 0102
240 03 24 00000
240 04 24 77771
240 05 000 0126
240 05 010 0372
240 05 24 01205
240 07 000 0040
240 07 000 0341
240 07 010 1702
240 07 012 1260
240 07 045 0016
240 07 22 00224
240 07 23 01307
240 07 26 00500
240 12 010 0623
240 12 010 1000
240 12 25 00001
240 12 31 64135
240 12 37 00000
240 14 012 0102
240 15 010 0051
240 15 044 0032
240 15 31 75150
240 16 000 0000
240 16 010 3223
240 16 012 1111
240 16 015 1111
240 16 110 1653
240 16 110 7776
240 16 31 05176
241 00 000 0615
241 00 010 0134
241 00 010 0514
241 00 010 1353
241 00 010 1463
241 00 010 1524
241 00 010 1771
241 00 011 0115
241 00 011 0143
241 00 011 0161
241 00 011 0230
241 00 012 0112
241 00 015 0141
241 00 015 0203
241 00 015 0603
241 00 017 0327
241 00 036 0030
241 00 036 0042
241 00 036 0076
241 00 037 0000
241 00 040 0015
241 00 042 0002
241 00 042 0014
241 00 042 0016
241 00 100 2040
241 00 100 3005
241 00 100 3424
241 00 110 2051
241 00 110 7207
241 00 111 7027
241 00 115 2052
241 00 22 00000
241 00 23 73370
241 00 24 00003
241 00 26 71245
241 00 27 03647
241 00 27 75337
241 00 30 04442
241 00 30 05566
241 00 30 05633
241 01 000 1722
241 01 011 0001
241 01 012 0371
241 01 22 01246
241 01 24 77771
241 02 011 0102
241 02 011 0103
241 03 010 0000
241 05 000 0130
241 05 010 0330
241 05 24 00000
241 07 010 0031
241 07 24 00000
241 07 26 00500
241 07 26 00740
241 07 26 01621
241 07 26 01646
241 07 27 00273
241 07 27 00412
241 10 000 7025
241 10 25 77776
241 13 24 77761
241 13 25 00040
241 14 24 77724
241 15 24 00017
241 16 000 0775
241 16 010 2102
241 16 24 00001
242 00 000 1142
242 00 000 1771
242 00 000 2204
242 00 010 0000
242 00 010 0115
242 00 010 0442
242 00 010 0474
242 00 010 0622
242 00 011 0104
242 00 011 0142
242 00 011 0230
242 00 012 7010
242 00 015 0143
242 00 015 2214
242 00 015 7010
242 00 020 0171
242 00 023 0000
242 00 036 0040
242 00 037 0003
242 00 040 0017
242 00 042 0010
242 00 110 1767
242 00 111 2050
242 00 111 3433
242 00 112 1770
242 00 112 2050
242 00 120 3424
242 00 26 07543
242 00 26 17647
242 00 27 04264
242 00 27 15652
242 01 000 0001
242 01 000 1726
242 01 010 0012
242 01 044 0014
242 01 26 01245
242 01 26 01645
242 02 010 2365
242 02 110 2266
242 03 110 2106
242 03 22 00000
242 05 000 0131
242 05 010 0331
242 05 116 2127
242 06 015 1002
242 07 000 0310
242 07 010 1021
242 07 010 1026
242 07 015 0515
242 07 22 00514
242 07 22 01200
242 07 26 00645
242 07 27 01615
242 10 000 0002
242 10 24 77771
242 10 35 00000
242 11 012 0000
242 11 35 75245
242 15 24 00000
242 16 010 1777
242 16 111 3457
242 16 24 46000
242 16 31 05176
242 16 37 04636
242 17 24 00000
243 00 010 0110
243 00 010 0113
243 00 010 1353
243 00 011 0103
243 00 011 0136
243 00 011 0141
243 00 011 0166
243 00 011 0230
243 00 011 0545
243 00 011 3015
243 00 012 0162
243 00 012 0231
243 00 015 0603
243 00 015 3763
243 00 022 0000
243 00 036 0050
243 00 036 0101
243 00 036 0102
243 00 036 0130
243 00 042 0014
243 00 042 0015
243 00 100 3426
243 00 104 2126
243 00 110 1775
243 00 112 7010
243 00 115 7010
243 00 22 00000
243 00 24 00003
243 00 26 16676
243 00 26 70220
243 01 000 0007
243 01 010 0000
243 01 010 0663
243 01 24 00000
243 01 30 01000
243 02 000 0001
243 02 010 0000
243 02 100 2266
243 02 24 77775
243 02 37 66642
243 04 044 0010
243 05 000 0132
243 05 010 0332
243 05 22 01254
243 06 24 00000
243 06 27 00440
243 07 000 1435
243 07 010 1044
243 07 010 1670
243 07 22 01174
243 07 26 00647
243 07 26 01670
243 07 30 00646
243 07 30 01207
243 10 24 77776
243 11 31 00000
243 12 24 00000
243 13 000 0630
243 14 25 00400
243 15 24 00023
243 15 24 65360
243 15 30 00000
243 15 31 17760
243 16 000 0327
243 16 000 1334
243 16 010 2110
243 16 015 0327
243 16 23 71666
244 00 000 2216
244 00 000 3305
244 00 000 3763
244 00 010 0442
244 00 010 0474
244 00 010 0622
244 00 011 0154
244 00 011 0231
244 00 012 0141
244 00 015 0140
244 00 015 0141
244 00 015 0606
244 00 015 1425
244 00 036 0040
244 00 036 0050
244 00 036 0076
244 00 036 0126
244 00 036 0130
244 00 040 0001
244 00 040 0006
244 00 042 0015
244 00 042 0016
244 00 110 1776
244 00 111 7013
244 00 121 7204
244 00 22 00000
244 00 24 02003
244 00 26 21510
244 00 26 75246
244 00 27 04264
244 00 30 71257
244 00 30 74262
244 01 24 00002
244 01 26 01233
244 01 26 01644
244 01 26 01645
244 01 37 71243
244 02 25 77760
244 03 010 0077
244 03 010 0523
244 04 010 1057
244 04 24 00000
244 07 000 1011
244 07 005 1542
244 07 010 0310
244 07 010 1311
244 07 012 1044
244 07 015 1066
244 07 22 00310
244 07 22 01646
244 07 26 00203
244 07 26 00264
244 07 27 00645
244 07 27 00647
244 10 000 0000
244 10 25 00030
244 11 34 00000
244 12 010 0000
244 12 22 00000
244 13 24 77762
244 14 010 3030
244 14 044 0002
244 14 34 00000
244 15 24 00001
244 15 31 75150
244 16 010 1777
244 16 010 3374
244 16 044 0007
244 16 24 00001
244 16 31 05176
245 00 000 2213
245 00 010 0221
245 00 011 0103
245 00 011 0230
245 00 011 1353
245 00 012 0461
245 00 012 0513
245 00 015 0103
245 00 037 0003
245 00 042 0015
245 00 110 7027
245 00 111 2050
245 00 111 7201
245 00 112 2050
245 00 115 7023
245 00 22 00000
245 00 23 00474
245 00 24 00003
245 00 26 75340
245 00 27 15647
245 00 27 64247
245 00 30 71222
245 01 013 0372
245 01 015 1726
245 01 22 01640
245 01 30 01362
245 02 000 3170
245 02 010 3171
245 02 045 0001
245 03 010 0077
245 04 24 77741
245 04 37 00000
245 05 000 0133
245 05 000 1757
245 06 27 00440
245 07 000 1044
245 07 000 1542
245 07 004 1542
245 07 010 0045
245 07 010 1311
245 07 22 01174
245 07 26 00261
245 07 30 00051
245 07 30 01566
245 07 30 01640
245 10 31 71362
245 11 105 3452
245 11 25 77777
245 12 31 00000
245 13 24 77771
245 15 22 00000
245 15 24 00000
245 15 24 60670
245 15 31 04516
245 15 31 15717
245 16 000 1000
245 16 000 1001
245 16 000 3374
245 16 110 1653
245 16 31 05176
245 17 010 2327
245 17 012 0102
246 00 000 0461
246 00 005 0544
246 00 010 0000
246 00 010 0531
246 00 010 1771
246 00 010 2042
246 00 010 2317
246 00 011 0103
246 00 011 0231
246 00 012 0143
246 00 012 0461
246 00 013 0000
246 00 033 0153
246 00 036 0031
246 00 036 0050
246 00 042 0003
246 00 042 0005
246 00 042 0015
246 00 042 0016
246 00 110 1673
246 00 110 3363
246 00 111 2103
246 00 121 7204
246 00 22 00000
246 00 24 00003
246 00 26 71501
246 00 27 04254
246 01 000 0016
246 01 24 77770
246 01 26 01067
246 01 30 01233
246 02 000 3050
246 02 010 3051
246 02 044 0011
246 03 000 0000
246 05 010 0102
246 05 27 01253
246 06 000 0715
246 06 011 0123
246 06 27 00651
246 06 34 00000
246 07 000 0342
246 07 000 0657
246 07 010 1301
246 07 22 00250
246 07 27 01174
246 07 30 00350
246 10 005 0002
246 10 24 77775
246 12 044 0016
246 13 044 0017
246 15 000 0103
246 15 24 00000
246 16 000 0003
246 16 000 1206
246 16 011 0102
246 16 110 1653
246 16 110 3457
246 16 24 77746
246 16 24 77775
246 16 31 05176
246 16 35 05661
246 17 010 2122
246 17 044 0005
247 00 000 0445
247 00 010 0000
247 00 010 0102
247 00 010 0217
247 00 010 1527
247 00 011 0110
247 00 011 0123
247 00 011 0140
247 00 015 0445
247 00 017 0327
247 00 031 0100
247 00 036 0114
247 00 036 0141
247 00 040 0015
247 00 042 0006
247 00 042 0015
247 00 110 1774
247 00 110 7003
247 00 111 2103
247 00 115 7011
247 00 120 1446
247 00 22 00000
247 00 23 02222
247 00 24 00003
247 00 26 73655
247 00 26 75141
247 00 27 04251
247 00 27 75257
247 01 22 01266
247 01 22 01652
247 02 010 2365
247 02 011 0102
247 02 37 66645
247 03 37 00000
247 04 24 46000
247 04 24 77777
247 05 000 0134
247 05 010 0337
247 05 010 1757
247 05 010 2122
247 07 000 0660
247 07 000 1311
247 07 000 1667
247 07 010 0310
247 07 010 1073
247 07 010 1261
247 07 22 00251
247 07 22 00640
247 07 26 00366
247 07 26 01660
247 07 27 01621
247 10 30 00000
247 11 25 00010
247 12 011 0103
247 12 26 00000
247 13 010 0162
247 13 015 0631
247 13 31 06406
247 14 036 0100
247 14 24 76203
247 15 010 0076
247 16 000 0004
247 16 010 2102
247 16 044 0015
247 16 110 3467
247 16 24 00000
247 16 31 05224
247 16 34 76716
247 17 24 77765
250 00 000 0350
250 00 000 2214
250 00 010 0000
250 00 010 0163
250 00 010 0617
250 00 010 2213
250 00 011 0230
250 00 011 0531
250 00 036 0061
250 00 036 0076
250 00 042 0007
250 00 100 1700
250 00 110 1776
250 00 22 00000
250 00 24 00003
250 00 24 02003
250 00 26 16656
250 00 26 17654
250 00 27 64253
250 01 000 0010
250 01 22 01006
250 01 27 01067
250 01 27 01660
250 02 010 0017
250 02 012 0103
250 02 100 2366
250 02 23 02364
250 02 24 00000
250 05 000 0135
250 07 000 1555
250 07 010 0304
250 07 010 1073
250 07 015 1667
250 07 22 01616
250 07 26 00654
250 10 006 0002
250 10 31 74775
250 11 35 00000
250 12 34 00000
250 13 000 0631
250 13 35 00000
250 14 010 0000
250 14 25 00004
250 14 30 00651
250 15 100 2051
250 15 115 2051
250 15 22 00000
250 15 24 00000
250 15 25 77773
250 15 31 04516
250 15 35 76667
250 16 010 2110
250 16 011 0102
250 16 23 71666
250 16 35 00000
250 17 37 04245
251 00 000 0401
251 00 000 0474
251 00 000 2213
251 00 010 0000
251 00 010 0103
251 00 010 0145
251 00 010 0163
251 00 010 0621
251 00 010 2122
251 00 011 0513
251 00 011 0546
251 00 011 1163
251 00 013 0117
251 00 013 2064
251 00 015 0123
251 00 020 1774
251 00 023 1163
251 00 036 0070
251 00 036 0074
251 00 036 0141
251 00 040 0011
251 00 040 0012
251 00 040 0017
251 00 042 0015
251 00 100 1646
251 00 100 7011
251 00 100 7316
251 00 110 7011
251 00 110 7031
251 00 111 7011
251 00 115 1700
251 00 22 00000
251 00 24 02003
251 00 26 74542
251 00 27 05666
251 00 30 03544
251 01 22 00277
251 02 000 0001
251 02 010 0000
251 02 010 0020
251 02 011 0103
251 02 021 2034
251 03 25 00001
251 05 000 0136
251 05 26 01261
251 06 22 00644
251 07 000 0043
251 07 000 1073
251 07 010 1670
251 07 012 1566
251 07 015 0661
251 07 23 01307
251 07 27 00254
251 10 31 75003
251 12 24 77763
251 12 34 00000
251 15 31 04516
251 16 010 2102
251 16 24 00001
252 00 000 2042
252 00 005 0152
252 00 010 0000
252 00 010 0163
252 00 011 0152
252 00 012 0104
252 00 012 0141
252 00 012 0163
252 00 012 1163
252 00 013 2214
252 00 031 0000
252 00 036 0064
252 00 036 0076
252 00 036 0077
252 00 036 0140
252 00 036 0145
252 00 040 0001
252 00 040 0015
252 00 040 0017
252 00 100 7011
252 00 110 1645
252 00 110 7027
252 00 110 7334
252 00 111 2050
252 00 112 2050
252 00 112 2116
252 00 115 1775
252 00 115 1777
252 00 115 2116
252 00 24 00003
252 00 24 02003
252 00 26 73655
252 01 110 7017
252 02 010 2034
252 02 015 0102
252 04 010 0000
252 04 37 00000
252 05 000 0137
252 05 010 0336
252 06 26 00334
252 07 010 0310
252 07 010 0342
252 07 010 0657
252 07 010 1555
252 07 015 1311
252 07 22 01030
252 07 26 01174
252 07 27 00250
252 10 100 2331
252 10 115 2331
252 15 010 1514
252 16 010 0032
252 16 24 00000
252 16 24 00004
252 16 31 05176
252 17 011 0103
252 17 34 00000
253 00 000 2222
253 00 000 3230
253 00 002 0020
253 00 010 0221
253 00 010 0605
253 00 011 0037
253 00 011 0513
253 00 013 0162
253 00 015 0167
253 00 023 0000
253 00 023 0166
253 00 031 0000
253 00 036 0036
253 00 036 0110
253 00 040 0000
253 00 040 0006
253 00 040 0016
253 00 040 0017
253 00 042 0001
253 00 100 1645
253 00 110 2035
253 00 110 3526
253 00 110 7005
253 00 22 00000
253 00 23 00474
253 00 24 00003
253 00 26 76175
253 00 30 04311
253 00 30 04643
253 01 26 00261
253 01 27 01256
253 02 011 0103
253 02 015 0102
253 02 24 65573
253 05 000 0140
253 06 010 0123
253 06 26 00254
253 07 000 0304
253 07 000 1311
253 07 010 0341
253 07 012 1435
253 07 015 0313
253 07 26 00061
253 07 26 00672
253 07 30 00650
253 12 000 0623
253 12 011 0623
253 12 24 77772
253 14 036 0100
253 14 22 00000
253 14 25 00054
253 15 000 0000
253 15 23 01520
253 15 26 76663
253 15 31 75105
253 16 000 0033
253 16 012 0327
253 16 015 0123
253 16 24 00000
253 16 37 04647
253 17 23 72366
253 17 31 15401
254 00 000 1353
254 00 010 0116
254 00 010 0621
254 00 010 2077
254 00 010 3441
254 00 011 1163
254 00 011 3000
254 00 012 0163
254 00 012 0513
254 00 015 0155
254 00 015 1142
254 00 015 2213
254 00 036 0026
254 00 036 0130
254 00 040 0002
254 00 040 0003
254 00 040 0016
254 00 042 0015
254 00 100 3526
254 00 100 7005
254 00 110 1750
254 00 110 2103
254 00 110 6770
254 00 110 7111
254 00 22 00000
254 00 24 00003
254 00 24 02003
254 00 30 00000
254 00 30 65425
254 00 30 66656
254 01 000 0011
254 01 110 7017
254 01 22 01640
254 01 22 01652
254 02 010 0001
254 02 010 0041
254 02 011 0103
254 04 25 02001
254 06 000 1007
254 07 010 1311
254 07 22 00661
254 07 23 00523
254 07 23 00660
254 10 24 65255
254 11 044 0002
254 11 30 00000
254 13 015 0631
254 15 000 0001
254 15 22 00000
254 15 25 77606
254 15 31 75150
254 16 000 0327
254 16 011 0102
254 16 044 0006
254 16 23 71666
254 16 31 05176
254 16 37 00000
254 17 011 0103
254 17 045 0015
254 17 24 00000
255 00 000 2077
255 00 010 0141
255 00 010 3124
255 00 011 0141
255 00 011 0144
255 00 011 0150
255 00 012 0513
255 00 015 0113
255 00 036 0076
255 00 042 0002
255 00 042 0015
255 00 110 1646
255 00 110 2050
255 00 110 7027
255 00 112 7032
255 00 22 00000
255 00 24 00003
255 00 24 02003
255 00 27 04264
255 00 27 17261
255 00 27 17720
255 00 27 64434
255 00 27 66010
255 00 27 66460
255 01 010 1234
255 01 012 0000
255 01 100 7017
255 01 25 00002
255 01 26 00247
255 01 26 01666
255 02 011 0102
255 02 012 0103
255 02 25 00001
255 04 044 0011
255 05 26 00263
255 06 011 1406
255 06 021 1012
255 06 25 00001
255 07 000 1044
255 07 010 1035
255 07 011 0042
255 07 015 1044
255 07 27 00670
255 07 30 01621
255 10 31 77566
255 11 30 00000
255 12 31 00000
255 13 000 0631
255 14 010 3150
255 15 25 00001
255 15 25 77573
255 15 34 00000
255 16 000 0777
255 16 000 1100
255 16 000 3171
255 16 23 02222
255 17 010 2327
255 17 110 7127
255 17 26 00000
255 17 31 15364
256 00 000 0037
256 00 000 2206
256 00 000 2336
256 00 010 0324
256 00 010 0621
256 00 010 2213
256 00 011 0140
256 00 011 0230
256 00 015 0140
256 00 036 0027
256 00 036 0050
256 00 036 0077
256 00 036 0101
256 00 036 0137
256 00 040 0015
256 00 042 0001
256 00 100 3002
256 00 110 1750
256 00 110 3005
256 00 110 6736
256 00 112 7032
256 00 115 6767
256 00 115 7023
256 00 22 00000
256 00 23 00474
256 00 24 00003
256 00 26 17340
256 00 27 17723
256 01 26 01657
256 01 35 71250
256 02 000 2365
256 02 015 2364
256 02 015 2365
256 02 044 0011
256 03 010 0006
256 03 115 2106
256 04 30 00000
256 06 010 1007
256 06 34 00000
256 07 010 1007
256 07 010 1307
256 07 010 1541
256 07 22 00254
256 07 22 00260
256 07 22 00661
256 07 27 01025
256 10 24 77771
256 14 010 3030
256 15 010 0043
256 15 011 1514
256 15 24 00000
256 15 31 04516
256 15 34 00000
256 16 000 2110
256 16 110 3403
256 16 24 77775
256 16 31 05224
256 17 011 0103
256 17 37 00000
257 00 000 0001
257 00 010 0000
257 00 010 0106
257 00 010 0156
257 00 010 0615
257 00 011 0172
257 00 011 1353
257 00 013 0161
257 00 013 0162
257 00 015 3230
257 00 036 0036
257 00 036 0073
257 00 036 0140
257 00 040 0003
257 00 042 0017
257 00 100 7032
257 00 110 7206
257 00 112 6767
257 00 22 00000
257 00 26 17261
257 00 26 66010
257 00 30 66007
257 00 30 73701
257 02 000 2364
257 02 011 0103
257 02 044 0032
257 02 24 74265
257 02 24 77771
257 03 112 2106
257 04 010 0127
257 06 011 1406
257 06 021 1012
257 07 000 1044
257 07 010 1662
257 07 015 1044
257 07 044 0016
257 07 22 01217
257 10 37 71257
257 13 000 0632
257 14 000 0016
257 14 000 0100
257 15 000 0001
257 15 010 0043
257 15 011 0110
257 15 22 00000
257 15 31 04607
257 16 010 2333
257 16 012 1100
257 16 100 3403
257 16 25 00410
257 17 37 76666
260 00 000 0001
260 00 000 2213
260 00 000 3230
260 00 011 0113
260 00 011 0144
260 00 011 0230
260 00 012 0113
260 00 012 1516
260 00 015 0112
260 00 033 0031
260 00 036 0050
260 00 040 0015
260 00 042 0003
260 00 100 3003
260 00 100 3424
260 00 110 2071
260 00 110 7016
260 00 112 2072
260 00 22 00000
260 00 24 00003
260 00 24 02003
260 00 26 16675
260 00 27 04264
260 00 30 04516
260 01 010 0663
260 02 010 2365
260 02 37 66660
260 03 010 0000
260 03 012 0103
260 03 026 0100
260 04 010 1570
260 07 000 0341
260 07 000 1273
260 07 010 0304
260 07 010 1304
260 07 011 0320
260 07 26 00250
260 07 26 01664
260 07 30 00224
260 12 24 00010
260 13 24 00661
260 13 25 00003
260 15 010 0041
260 15 010 1514
260 15 24 00000
260 16 000 1101
260 16 010 0134
260 16 010 0327
260 16 012 0332
260 16 37 04257
260 17 010 2122
260 17 100 2721
261 00 000 1516
261 00 000 2014
261 00 000 2222
261 00 002 0020
261 00 005 0547
261 00 010 0000
261 00 011 0133
261 00 011 0516
261 00 012 0513
261 00 013 0607
261 00 015 0127
261 00 015 0143
261 00 023 0000
261 00 036 0114
261 00 036 0124
261 00 040 0000
261 00 042 0014
261 00 042 0032
261 00 100 7016
261 00 110 1767
261 00 110 3424
261 00 24 00003
261 00 26 74302
261 00 27 16403
261 00 27 75265
261 01 012 0001
261 01 015 1726
261 01 26 00666
261 02 000 2365
261 02 036 0067
261 02 25 00001
261 03 015 0103
261 03 111 2106
261 06 22 00640
261 07 000 0304
261 07 000 1304
261 07 010 1534
261 07 23 00523
261 07 23 01713
261 10 010 0000
261 10 044 0017
261 10 24 00000
261 10 31 66655
261 14 000 0100
261 14 015 0100
261 14 25 77777
261 15 010 0000
261 15 011 0143
261 15 044 0001
261 15 24 77721
261 16 033 4100
261 16 110 1653
261 16 115 3512
261 16 25 00001
261 16 31 04603
261 16 31 05176
261 17 010 2365
261 17 25 77777
262 00 000 0620
262 00 010 0104
262 00 010 0221
262 00 010 0450
262 00 010 0474
262 00 010 7254
262 00 011 0156
262 00 011 0160
262 00 011 0172
262 00 011 1163
262 00 015 0103
262 00 015 0105
262 00 015 0110
262 00 036 0074
262 00 036 0147
262 00 040 0002
262 00 040 0012
262 00 040 0015
262 00 042 0015
262 00 042 0016
262 00 100 7006
262 00 110 7017
262 00 111 1626
262 00 115 7006
262 00 22 00000
262 00 24 00003
262 00 24 02003
262 00 26 65266
262 00 27 64435
262 00 30 76667
262 01 25 00002
262 03 015 0033
262 05 24 00003
262 05 37 00000
262 06 010 0630
262 06 24 00000
262 06 26 00265
262 07 000 0342
262 07 000 1307
262 07 000 1551
262 07 010 1066
262 07 013 0341
262 07 30 00672
262 10 24 65302
262 13 22 00000
262 15 000 0043
262 15 000 1514
262 15 010 0066
262 15 010 2122
262 15 110 3000
262 15 25 00001
262 15 30 00000
262 16 033 0000
262 16 110 3376
262 16 111 3457
262 16 24 00000
262 16 31 05176
262 17 000 2365
262 17 011 0102
262 17 044 0010
262 17 24 15311
263 00 000 0474
263 00 005 0526
263 00 010 0152
263 00 010 0162
263 00 011 0150
263 00 011 2054
263 00 012 0112
263 00 012 0471
263 00 036 0060
263 00 036 0106
263 00 037 0023
263 00 040 0016
263 00 042 0002
263 00 100 7017
263 00 110 1657
263 00 110 3002
263 00 110 3370
263 00 110 6776
263 00 111 6775
263 00 113 2040
263 00 22 00000
263 00 22 00004
263 00 24 00003
263 00 24 02003
263 00 26 05664
263 00 26 74255
263 00 27 05265
263 00 27 67130
263 00 27 75265
263 00 30 04270
263 01 22 01640
263 01 26 00267
263 01 27 01644
263 02 011 0102
263 02 37 64253
263 03 000 0000
263 03 015 0000
263 05 27 00320
263 07 000 1066
263 07 010 0033
263 07 010 1026
263 07 015 1021
263 07 22 01665
263 07 26 00273
263 07 26 00302
263 07 27 00201
263 07 30 01625
263 10 24 00006
263 10 35 00000
263 11 24 00000
263 11 27 00000
263 12 31 00000
263 14 015 0100
263 14 22 01712
263 15 010 0002
263 15 31 04623
263 16 000 0003
264 00 000 0614
264 00 000 2215
264 00 002 0030
264 00 006 0515
264 00 010 0000
264 00 010 0111
264 00 010 0161
264 00 010 0406
264 00 010 0437
264 00 010 0616
264 00 010 1132
264 00 010 3230
264 00 011 2650
264 00 012 0513
264 00 013 0105
264 00 013 0162
264 00 015 0103
264 00 015 0117
264 00 015 0513
264 00 015 0604
264 00 023 0000
264 00 036 0076
264 00 036 0130
264 00 040 0017
264 00 042 0016
264 00 100 2040
264 00 112 7000
264 00 24 00003
264 00 27 20312
264 01 24 17130
264 01 27 01644
264 02 010 0000
264 02 010 2364
264 03 010 0000
264 04 37 00000
264 05 22 00000
264 06 000 0630
264 06 24 71573
264 06 34 00000
264 07 000 0046
264 07 010 0477
264 07 015 1026
264 07 22 00026
264 07 22 00224
264 07 22 00266
264 07 22 00723
264 07 22 01660
264 07 26 00306
264 07 27 00273
264 12 37 00000
264 13 31 06406
264 14 000 0100
264 15 010 0000
264 15 010 0047
264 16 100 3376
264 17 23 02222
264 17 24 00000
264 17 24 77766
265 00 000 0406
265 00 000 0616
265 00 000 2222
265 00 000 3265
265 00 002 0237
265 00 010 0070
265 00 010 7254
265 00 011 0104
265 00 011 0111
265 00 011 0113
265 00 011 0134
265 00 011 0160
265 00 011 1516
265 00 013 0162
265 00 015 0122
265 00 015 0141
265 00 015 0144
265 00 036 0120
265 00 037 0003
265 00 040 0000
265 00 040 0004
265 00 040 0012
265 00 040 0015
265 00 040 0016
265 00 110 1767
265 00 22 00000
265 00 27 73667
265 00 30 05271
265 00 30 66565
265 01 30 01546
265 02 000 2364
265 03 000 0033
265 04 24 77701
265 06 000 0635
265 06 013 0635
265 07 000 1026
265 07 000 1040
265 07 005 0341
265 07 015 1040
265 07 27 00273
265 07 27 00435
265 10 005 0000
265 10 010 0000
265 10 30 00000
265 10 31 74775
265 11 24 00001
265 13 22 00000
265 13 31 00000
265 14 000 0101
265 14 24 00000
265 15 000 1514
265 15 010 0153
265 15 100 3000
265 16 000 1576
265 16 011 0104
265 16 044 0010
265 16 045 0002
265 16 23 01334
265 17 011 0102
266 00 000 0474
266 00 000 3021
266 00 010 0000
266 00 010 0116
266 00 010 0617
266 00 010 1133
266 00 010 3126
266 00 011 0230
266 00 011 3365
266 00 015 0114
266 00 015 3265
266 00 036 0144
266 00 040 0002
266 00 040 0014
266 00 040 0016
266 00 042 0005
266 00 042 0017
266 00 100 3407
266 00 110 2326
266 00 110 3463
266 00 110 7011
266 00 22 00000
266 00 24 00003
266 00 24 02003
266 00 26 05267
266 00 26 65302
266 00 27 71271
266 01 000 0663
266 01 010 0573
266 01 26 01644
266 01 26 01717
266 01 27 01276
266 01 37 71265
266 02 25 00001
266 04 010 1670
266 06 26 00271
266 07 010 1027
266 07 010 1031
266 07 010 1040
266 07 22 00250
266 07 26 00271
266 07 27 00303
266 07 30 00264
266 07 30 01633
266 10 010 0050
266 10 31 75003
266 11 25 00001
266 12 045 0003
266 14 044 0011
266 14 044 0015
266 14 25 00002
266 15 000 1520
266 15 010 2222
266 15 015 0162
266 15 24 00000
266 15 24 00670
266 16 24 00630
266 16 25 00001
266 16 34 05662
266 17 24 77773
267 00 000 2215
267 00 010 0140
267 00 010 0150
267 00 010 0461
267 00 010 0611
267 00 010 0620
267 00 011 0152
267 00 011 0172
267 00 011 0225
267 00 013 0172
267 00 015 0124
267 00 036 0075
267 00 036 0130
267 00 036 0132
267 00 042 0002
267 00 100 7011
267 00 106 3530
267 00 110 2036
267 00 110 7021
267 00 115 7032
267 00 22 00000
267 00 24 00002
267 00 24 00003
267 00 24 02003
267 00 27 67242
267 00 27 74260
267 00 30 04405
267 01 011 1731
267 01 22 01654
267 01 26 01644
267 02 044 0015
267 05 044 0013
267 06 045 0013
267 06 045 0016
267 06 30 00713
267 07 000 1031
267 07 000 1741
267 07 005 0342
267 07 010 0043
267 07 010 1567
267 07 011 0042
267 07 013 1027
267 07 26 01704
267 07 27 00272
267 10 31 66655
267 11 24 00002
267 12 011 0073
267 13 37 00000
267 14 000 3130
267 14 31 16505
267 15 22 00000
267 15 24 00000
267 16 110 3467
267 16 31 05176
267 16 34 15707
270 00 000 0617
270 00 000 2077
270 00 000 2215
270 00 010 0000
270 00 010 0112
270 00 010 0446
270 00 010 0452
270 00 010 0474
270 00 010 0614
270 00 010 2040
270 00 010 7025
270 00 011 0113
270 00 011 0137
270 00 011 0143
270 00 011 0231
270 00 012 0166
270 00 015 2077
270 00 036 0103
270 00 036 0114
270 00 036 0130
270 00 036 0140
270 00 037 0003
270 00 040 0000
270 00 040 0017
270 00 042 0003
270 00 100 7021
270 00 110 1751
270 00 110 2053
270 00 110 2103
270 00 24 00003
270 00 24 02003
270 00 30 05274
270 01 000 0003
270 01 015 0663
270 01 27 01276
270 02 012 0102
270 04 000 0015
270 05 26 00304
270 06 24 00001
270 07 000 0052
270 07 000 1027
270 07 000 1063
270 07 000 1740
270 07 010 1566
270 07 011 1736
270 07 26 00470
270 07 26 00774
270 07 26 01272
270 10 010 0051
270 10 24 00000
270 12 23 02222
270 12 30 00000
270 14 000 1176
270 14 010 0000
270 15 015 0162
270 15 22 00000
270 16 010 1777
270 16 110 3370
270 16 22 00000
271 00 000 0446
271 00 000 0621
271 00 010 0000
271 00 010 0137
271 00 010 1257
271 00 011 0142
271 00 011 0230
271 00 011 0231
271 00 011 0546
271 00 012 0162
271 00 015 0103
271 00 015 0105
271 00 015 0140
271 00 033 0140
271 00 033 4035
271 00 036 0102
271 00 036 0117
271 00 036 0130
271 00 040 0003
271 00 040 0015
271 00 042 0016
271 00 042 0017
271 00 100 1647
271 00 100 3004
271 00 100 3424
271 00 110 1756
271 00 110 3363
271 00 110 7010
271 00 110 7017
271 00 111 2135
271 00 22 00000
271 00 23 71422
271 00 24 02002
271 00 26 64702
271 00 30 75232
271 01 000 0663
271 01 26 00700
271 01 27 01305
271 02 010 0000
271 02 010 0102
271 02 010 2000
271 02 011 0103
271 02 35 06275
271 03 010 0000
271 03 22 00000
271 04 000 1670
271 05 26 00000
271 06 011 1427
271 06 26 00705
271 06 31 74125
271 07 000 0342
271 07 000 1542
271 07 000 1577
271 07 010 0306
271 07 010 1066
271 07 013 1027
271 10 000 0051
271 11 010 0007
271 11 012 0000
271 11 30 00000
271 13 010 0000
271 14 000 1216
271 14 015 0102
271 14 22 01712
271 15 31 04516
271 16 011 0153
271 16 100 3400
271 16 31 05203
272 00 000 1165
272 00 000 1257
272 00 010 0162
272 00 010 1174
272 00 011 0103
272 00 011 0115
272 00 011 0162
272 00 011 0230
272 00 011 0471
272 00 012 0000
272 00 012 0162
272 00 012 0471
272 00 012 3002
272 00 012 7010
272 00 015 0124
272 00 015 1165
272 00 015 3002
272 00 015 7010
272 00 036 0064
272 00 036 0104
272 00 036 0147
272 00 040 0005
272 00 040 0012
272 00 040 0014
272 00 040 0017
272 00 042 0015
272 00 100 1751
272 00 100 7017
272 00 110 3004
272 00 110 3521
272 00 110 7334
272 00 111 7040
272 00 115 1751
272 00 115 1757
272 00 22 00000
272 00 24 00003
272 00 24 02003
272 00 26 04274
272 00 26 15675
272 00 26 71275
272 00 27 00506
272 00 27 67721
272 00 30 04516
272 00 30 74702
272 01 26 00300
272 01 27 00261
272 03 010 0001
272 03 015 0002
272 03 044 0014
272 04 22 00077
272 05 22 00264
272 07 000 0345
272 07 000 1066
272 07 010 0042
272 07 010 1157
272 07 015 1037
272 07 26 01644
272 10 000 0221
272 14 010 1176
272 15 24 05420
272 15 24 77723
272 16 110 3370
272 16 31 04603
273 00 000 1174
273 00 010 0000
273 00 010 0117
273 00 010 0513
273 00 010 0621
273 00 011 0113
273 00 011 0144
273 00 011 1163
273 00 011 2647
273 00 011 3003
273 00 012 1516
273 00 013 0162
273 00 031 0000
273 00 036 0063
273 00 036 0130
273 00 036 0154
273 00 040 0016
273 00 110 1752
273 00 110 3363
273 00 110 7626
273 00 111 3006
273 00 112 3003
273 00 22 00000
273 00 24 00003
273 00 26 64277
273 00 26 77313
273 00 27 73707
273 00 30 04510
273 01 24 00005
273 01 26 01702
273 01 30 00000
273 02 000 2000
273 02 010 0700
273 02 011 0103
273 02 044 0003
273 03 010 2122
273 03 015 0003
273 03 015 0004
273 03 110 2156
273 04 24 00000
273 05 005 0366
273 05 27 00275
273 07 000 1037
273 07 010 0345
273 07 010 1026
273 07 010 1344
273 07 015 0043
273 07 22 00262
273 07 26 00275
273 07 26 00703
273 07 27 01675
273 10 000 0003
273 10 010 0005
273 10 24 00001
273 13 010 0000
273 14 22 01712
273 14 23 02122
273 17 24 00000
273 17 27 00000
273 17 34 00000
274 00 010 0000
274 00 010 0162
274 00 010 2222
274 00 011 0103
274 00 011 0157
274 00 011 0471
274 00 011 1414
274 00 015 0433
274 00 015 1462
274 00 015 3305
274 00 020 0407
274 00 036 0122
274 00 040 0015
274 00 040 0016
274 00 042 0012
274 00 111 2135
274 00 111 6777
274 00 22 00000
274 00 22 64276
274 00 24 02003
274 00 26 15676
274 00 26 73723
274 00 30 06363
274 00 30 67721
274 01 22 01544
274 01 22 01617
274 02 24 00000
274 03 000 0000
274 03 37 00000
274 05 30 00273
274 06 26 00300
274 07 000 0275
274 07 000 1026
274 07 000 1340
274 07 010 1741
274 07 011 0356
274 07 015 1026
274 07 22 01650
274 07 30 00107
274 07 30 01703
274 10 31 67513
274 11 24 00004
274 11 31 70367
274 13 25 00001
274 15 000 0000
274 15 37 00000
274 16 100 3400
274 16 111 2151
274 17 017 0005
275 00 006 1345
275 00 010 0007
275 00 010 0155
275 00 010 3000
275 00 010 5000
275 00 011 0141
275 00 011 0155
275 00 021 0140
275 00 031 0100
275 00 036 0105
275 00 036 0107
275 00 036 0130
275 00 040 0002
275 00 042 0004
275 00 042 0011
275 00 042 0015
275 00 100 7177
275 00 110 3004
275 00 23 02216
275 00 23 77626
275 00 24 00003
275 00 26 04311
275 00 30 01337
275 00 30 15666
275 01 24 00011
275 01 24 00024
275 01 26 01305
275 02 23 72366
275 02 25 77777
275 03 000 2122
275 04 24 77777
275 05 22 00302
275 05 30 01634
275 07 000 1105
275 07 000 1752
275 07 011 1736
275 07 013 1063
275 07 22 00674
275 07 26 00277
275 07 27 00000
275 07 27 00307
275 10 000 0005
275 10 000 3126
275 12 23 02222
275 12 24 00000
275 13 013 0000
275 15 24 00000
275 15 37 00000
275 16 010 2110
275 16 110 1653
275 16 26 76676
275 16 34 00000
276 00 000 1517
276 00 010 0000
276 00 010 3455
276 00 010 3764
276 00 011 0230
276 00 012 0513
276 00 013 0530
276 00 015 0407
276 00 015 3015
276 00 033 0031
276 00 036 0061
276 00 036 0114
276 00 040 0010
276 00 042 0013
276 00 042 0016
276 00 22 00000
276 00 23 02217
276 00 24 00000
276 00 24 02003
276 00 26 71330
276 00 26 74542
276 01 22 00671
276 02 000 0017
276 02 010 2365
276 02 24 00000
276 03 110 2156
276 03 24 71342
276 04 24 00000
276 07 000 1063
276 07 010 0243
276 07 012 1740
276 07 26 00307
276 07 26 00703
276 07 27 01712
276 10 010 0620
276 11 31 70367
276 12 24 00071
276 14 015 0102
276 14 25 00001
276 15 010 0001
276 15 011 0102
276 16 24 00000
276 16 24 77747
276 16 25 77777
276 16 30 76676
276 16 31 05176
277 00 000 3203
277 00 010 0474
277 00 010 3267
277 00 010 4040
277 00 011 0135
277 00 011 0532
277 00 012 0103
277 00 012 0407
277 00 015 0103
277 00 015 0142
277 00 015 0157
277 00 030 0077
277 00 036 0076
277 00 040 0006
277 00 040 0021
277 00 042 0014
277 00 105 2355
277 00 110 1435
277 00 23 02204
277 00 24 00003
277 00 26 15707
277 00 27 04311
277 00 30 00000
277 00 30 03701
277 01 010 0010
277 01 021 1724
277 02 000 0003
277 03 100 2156
277 03 24 77775
277 07 000 0031
277 07 000 0046
277 07 000 1305
277 07 010 1067
277 07 010 1741
277 07 011 1737
277 07 015 1371
277 07 22 01175
277 07 27 00301
277 07 30 00000
277 10 22 00354
277 14 010 3203
277 14 110 7777
277 16 010 0000
277 16 012 0104
277 16 015 0104
277 16 110 2151
277 17 000 0000
277 17 010 0117
277 17 31 00000
277 17 37 00000
300 00 000 1341
300 00 000 2214
300 00 000 2217
300 00 000 2335
300 00 000 3455
300 00 000 3764
300 00 010 0000
300 00 010 2215
300 00 010 2217
300 00 010 3030
300 00 011 0231
300 00 011 0545
300 00 012 0150
300 00 013 0162
300 00 036 0105
300 00 042 0012
300 00 042 0016
300 00 110 0240
300 00 110 3425
300 00 110 7010
300 00 115 7037
300 00 22 00000
300 00 24 00003
300 00 24 02002
300 00 30 04177
300 01 013 1725
300 02 000 0005
300 03 000 0103
300 05 27 00017
300 06 25 77720
300 06 26 00705
300 06 27 00303
300 06 34 07303
300 07 000 0044
300 07 000 1046
300 07 000 1314
300 07 000 1740
300 07 000 1753
300 07 010 1063
300 07 012 0351
300 07 013 1752
300 07 015 1021
300 07 044 0017
300 07 22 00515
300 07 30 01211
300 10 000 0620
300 10 31 71362
300 14 010 1236
300 14 015 0102
300 15 24 77777
300 15 25 00001
300 15 31 04516
300 16 010 0000
300 16 010 0114
300 16 100 2151
300 16 110 1653
300 16 25 77777
300 17 011 0103
300 17 013 0041
301 00 010 0131
301 00 010 0142
301 00 010 0470
301 00 010 1032
301 00 011 0105
301 00 011 0515
301 00 011 0526
301 00 011 1170
301 00 012 0153
301 00 012 0156
301 00 013 0106
301 00 015 0162
301 00 015 1455
301 00 020 0234
301 00 036 0034
301 00 036 0103
301 00 036 0130
301 00 036 0135
301 00 036 0152
301 00 040 0006
301 00 040 0016
301 00 042 0011
301 00 042 0015
301 00 22 00000
301 00 26 04312
301 00 26 16721
301 00 27 76352
301 00 30 00000
301 00 30 03462
301 00 30 04177
301 00 30 64522
301 01 010 0010
301 01 110 2166
301 02 000 0001
301 02 24 00000
301 03 000 0115
301 05 30 00275
301 06 24 00000
301 07 000 1040
301 07 000 1603
301 07 010 1026
301 07 012 1752
301 07 013 1603
301 07 015 0465
301 07 015 1031
301 07 015 1040
301 07 22 00311
301 07 23 00342
301 07 27 01712
301 07 31 66666
301 10 000 3060
301 10 000 3126
301 10 015 3126
301 14 015 0102
301 15 010 0607
301 15 24 00000
301 16 000 2000
301 16 011 2000
301 16 22 00000
301 17 010 0117
302 00 000 0621
302 00 010 0150
302 00 010 1033
302 00 011 0104
302 00 011 0515
302 00 011 0545
302 00 012 0542
302 00 012 1163
302 00 013 0132
302 00 015 0621
302 00 023 0166
302 00 026 2334
302 00 036 0103
302 00 036 0113
302 00 036 0152
302 00 040 0001
302 00 040 0004
302 00 040 0011
302 00 040 0016
302 00 110 6772
302 00 22 00000
302 00 24 02003
302 00 26 07001
302 00 26 74306
302 00 26 75573
302 00 27 74725
302 00 30 04607
302 00 30 17506
302 01 000 0010
302 01 010 0011
302 01 011 1764
302 01 100 2166
302 01 24 00007
302 01 24 77775
302 01 30 01362
302 02 010 0000
302 02 100 2366
302 03 010 0102
302 06 25 77770
302 06 30 00307
302 07 000 0465
302 07 000 1026
302 07 000 1031
302 07 010 0342
302 07 010 1062
302 07 010 1740
302 07 011 0030
302 10 25 77777
302 10 26 00310
302 10 30 00000
302 10 34 05311
302 11 25 77751
302 11 31 67221
302 12 24 00042
302 12 25 00001
302 15 24 00000
302 15 31 17760
302 16 000 1334
302 16 010 0000
302 16 010 1442
302 16 100 3376
302 16 110 1653
302 16 110 3374
302 16 110 3400
302 16 22 00000
302 17 044 0007
302 17 24 00000
302 17 24 77772
303 00 000 0003
303 00 000 0622
303 00 000 2075
303 00 010 0000
303 00 010 2222
303 00 011 0140
303 00 011 0230
303 00 011 0511
303 00 011 0515
303 00 011 1163
303 00 011 2650
303 00 012 1163
303 00 012 3014
303 00 012 3310
303 00 015 2075
303 00 036 0050
303 00 036 0114
303 00 040 0004
303 00 040 0017
303 00 042 0006
303 00 042 0010
303 00 042 0014
303 00 106 2354
303 00 110 3346
303 00 110 3425
303 00 111 7000
303 00 111 7205
303 00 22 00000
303 00 26 17307
303 00 27 65307
303 00 27 71307
303 00 27 74314
303 00 30 65573
303 01 015 1030
303 01 26 00307
303 02 000 0700
303 04 22 00077
303 04 35 17706
303 05 26 00264
303 05 30 00000
303 07 000 0044
303 07 000 0342
303 07 010 0046
303 07 010 0275
303 07 010 1552
303 07 010 1753
303 07 013 0040
303 07 015 0044
303 07 26 00312
303 07 27 00310
303 10 24 00002
303 10 24 66525
303 10 34 05251
303 11 010 0103
303 12 24 76203
303 12 24 77773
303 15 011 0143
303 15 012 0143
303 15 015 0143
303 15 24 00000
303 16 010 0663
303 16 112 2445
303 16 31 16641
303 17 013 0041
303 17 37 15703
304 00 000 1463
304 00 010 0000
304 00 010 0542
304 00 010 0621
304 00 010 2217
304 00 011 0133
304 00 011 0157
304 00 011 0546
304 00 011 3310
304 00 012 0515
304 00 012 0545
304 00 012 1163
304 00 013 0162
304 00 015 0104
304 00 036 0044
304 00 040 0013
304 00 040 0015
304 00 042 0001
304 00 042 0016
304 00 100 3002
304 00 110 7014
304 00 112 7000
304 00 112 7014
304 00 24 00003
304 00 26 05306
304 00 26 16721
304 00 26 17305
304 00 26 65514
304 00 27 06143
304 00 27 64305
304 00 30 05274
304 01 000 1030
304 01 010 1234
304 01 015 0010
304 01 021 1724
304 01 26 01701
304 02 010 2110
304 02 010 2365
304 05 010 0001
304 07 000 0275
304 07 000 1342
304 07 010 0342
304 07 012 1752
304 07 22 01666
304 07 26 00676
304 10 26 00310
304 11 30 00000
304 12 22 01575
304 14 35 17706
304 15 000 0003
304 15 24 00001
304 16 000 0663
304 16 100 2445
304 16 100 3374
304 17 012 0117
304 17 24 76744
305 00 010 0163
305 00 010 0531
305 00 010 1133
305 00 010 4040
305 00 011 0111
305 00 011 0124
305 00 011 0142
305 00 011 0515
305 00 012 0161
305 00 013 0113
305 00 015 0154
305 00 036 0073
305 00 036 0102
305 00 036 0103
305 00 036 0112
305 00 036 0124
305 00 036 0130
305 00 040 0016
305 00 040 0017
305 00 042 0001
305 00 042 0016
305 00 100 6772
305 00 100 7001
305 00 100 7014
305 00 115 7001
305 00 22 00000
305 00 24 02003
305 00 26 65307
305 00 27 06742
305 00 27 07310
305 00 30 75276
305 01 013 1725
305 04 012 0123
305 04 37 00000
305 05 24 64026
305 07 000 1047
305 07 000 1360
305 07 010 0030
305 07 010 1552
305 07 012 1340
305 07 015 0044
305 07 22 00323
305 07 22 01074
305 07 26 00714
305 07 27 00376
305 10 22 00277
305 10 24 73541
305 11 31 64335
305 12 24 00000
305 12 25 00001
305 15 000 0000
305 15 113 6027
305 15 37 61301
305 16 010 0000
305 16 044 0013
305 17 000 0117
305 17 012 0117
305 17 044 0001
306 00 000 1771
306 00 000 2215
306 00 010 0000
306 00 010 0622
306 00 010 1526
306 00 010 3005
306 00 010 3074
306 00 010 3763
306 00 011 0155
306 00 011 1163
306 00 013 0156
306 00 031 0000
306 00 036 0034
306 00 036 0061
306 00 036 0076
306 00 040 0001
306 00 040 0003
306 00 040 0005
306 00 100 6777
306 00 110 7023
306 00 115 6777
306 00 120 3466
306 00 24 02003
306 00 26 06307
306 00 30 17311
306 01 045 0011
306 01 24 00001
306 01 27 00310
306 02 000 0000
306 02 011 0103
306 02 045 0005
306 02 30 00000
306 03 010 0001
306 03 110 3433
306 06 24 00001
306 06 26 00712
306 06 35 64741
306 07 000 0302
306 07 000 1063
306 07 000 1556
306 07 000 1751
306 07 010 0031
306 07 010 0043
306 07 22 00544
306 07 22 01001
306 07 26 00213
306 07 27 00547
306 07 30 00212
306 11 24 01530
306 14 010 2100
306 15 000 0000
306 15 000 0004
306 15 010 0033
306 15 24 77701
306 15 30 00000
306 16 000 0000
306 16 010 2110
306 16 100 3405
306 16 111 3405
306 16 22 00000
306 16 35 04320
306 16 37 00000
307 00 000 0621
307 00 000 3005
307 00 010 0000
307 00 010 0177
307 00 011 0103
307 00 011 0113
307 00 011 0127
307 00 011 0162
307 00 012 0163
307 00 012 0172
307 00 012 1155
307 00 015 0131
307 00 015 0621
307 00 015 3130
307 00 023 0000
307 00 036 0034
307 00 036 0110
307 00 036 0144
307 00 036 0153
307 00 040 0002
307 00 042 0002
307 00 042 0011
307 00 042 0016
307 00 110 3002
307 00 111 2050
307 00 111 7006
307 00 115 7011
307 00 115 7016
307 00 120 1446
307 00 23 02215
307 00 24 02003
307 00 26 73723
307 00 26 74311
307 00 27 07310
307 00 27 64203
307 00 27 75322
307 01 012 0102
307 01 30 01673
307 02 010 0040
307 03 100 1473
307 06 021 1006
307 06 27 01310
307 07 000 0345
307 07 010 1255
307 07 010 1304
307 07 22 00272
307 07 26 00715
307 07 30 00224
307 10 000 3061
307 10 010 2040
307 10 30 00272
307 11 012 0007
307 12 010 0000
307 12 34 00000
307 13 24 00710
307 13 35 00000
307 14 000 2100
307 15 000 0001
307 15 011 0133
307 15 24 00000
307 16 010 1442
307 16 100 3432
307 16 110 1653
307 16 110 2151
307 16 24 77746
307 17 012 0103
307 17 24 76745
310 00 000 0177
310 00 000 2213
310 00 000 3130
310 00 005 0547
310 00 010 0000
310 00 010 1526
310 00 010 3014
310 00 011 0113
310 00 011 0172
310 00 011 0231
310 00 011 1463
310 00 012 0111
310 00 042 0003
310 00 042 0006
310 00 042 0013
310 00 100 1646
310 00 100 2036
310 00 100 7024
310 00 110 3363
310 00 111 6773
310 00 112 7011
310 00 22 00000
310 00 26 65311
310 00 27 16721
310 00 27 64711
310 00 30 16570
310 01 010 1753
310 01 26 00314
310 01 26 01334
310 02 000 0040
310 03 110 1473
310 04 011 0103
310 04 35 17713
310 06 000 1000
310 06 015 1000
310 06 015 1433
310 06 24 77777
310 06 26 01355
310 06 35 07313
310 07 000 0305
310 07 015 1755
310 07 27 00320
310 11 012 0007
310 11 24 77777
310 12 24 77765
310 15 22 00000
310 15 24 00004
310 16 000 0037
310 16 100 3400
310 16 100 3434
310 16 24 00001
310 16 31 04715
310 17 24 00546
311 00 000 1425
311 00 000 1526
311 00 000 2335
311 00 010 0000
311 00 010 0163
311 00 010 0331
311 00 010 0620
311 00 011 0513
311 00 015 1155
311 00 036 0035
311 00 040 0010
311 00 040 0017
311 00 042 0001
311 00 042 0002
311 00 100 3002
311 00 100 7024
311 00 110 1750
311 00 110 3441
311 00 110 7010
311 00 110 7035
311 00 112 7024
311 00 115 1646
311 00 24 00003
311 00 27 06312
311 00 27 07313
311 00 27 75317
311 00 30 04532
311 01 010 0733
311 01 011 0663
311 01 044 0017
311 01 26 01523
311 02 012 0102
311 02 24 00000
311 03 010 0000
311 03 23 71473
311 06 22 00000
311 06 22 00777
311 07 010 0042
311 07 010 1066
311 07 010 1550
311 07 045 0016
311 07 22 00310
311 07 27 00554
311 07 30 01213
311 10 000 2040
311 11 000 0007
311 11 010 3377
311 11 015 3375
311 11 25 00001
311 13 044 0016
311 14 045 0016
311 14 24 76352
311 14 35 15336
311 14 35 17713
311 15 31 17760
311 16 000 2110
311 16 015 2110
311 16 23 00000
311 16 24 00000
311 16 24 00002
311 16 25 00000
311 16 37 00000
311 17 011 0123
311 17 24 76771
311 17 26 00000
312 00 000 1155
312 00 010 0000
312 00 010 1257
312 00 011 0141
312 00 011 0161
312 00 011 0230
312 00 012 0103
312 00 015 0147
312 00 015 0154
312 00 021 3227
312 00 023 0000
312 00 036 0074
312 00 036 0076
312 00 036 0106
312 00 036 0110
312 00 036 0121
312 00 036 0142
312 00 036 0150
312 00 036 0152
312 00 040 0013
312 00 042 0003
312 00 042 0015
312 00 042 0016
312 00 110 1741
312 00 110 3425
312 00 111 6777
312 00 22 00000
312 00 24 02003
312 00 27 76355
312 00 30 04332
312 01 000 0663
312 02 010 2364
312 02 012 0000
312 02 012 1321
312 02 24 77666
312 04 31 00000
312 05 34 00000
312 06 010 2122
312 06 011 1440
312 06 22 00000
312 06 24 70000
312 07 000 0467
312 07 000 1311
312 07 000 1701
312 07 010 0041
312 07 010 1037
312 07 015 1021
312 07 22 00252
312 07 22 00345
312 07 26 01644
312 10 013 0162
312 11 000 3375
312 12 24 77775
312 15 012 0762
312 15 24 00211
312 15 24 04344
312 15 24 77774
312 15 25 00040
312 16 010 0011
312 16 23 71666
312 17 011 0103
312 17 24 00000
313 00 005 0526
313 00 006 0160
313 00 010 0000
313 00 010 0617
313 00 011 0132
313 00 011 0154
313 00 011 0545
313 00 012 0147
313 00 020 2037
313 00 036 0061
313 00 036 0070
313 00 036 0075
313 00 036 0107
313 00 040 0013
313 00 042 0001
313 00 042 0002
313 00 100 1700
313 00 100 2053
313 00 100 7201
313 00 110 2026
313 00 110 7000
313 00 110 7006
313 00 22 00000
313 00 26 05321
313 00 26 07315
313 00 26 64706
313 00 27 71342
313 00 30 76352
313 01 000 0733
313 01 24 00011
313 01 26 00316
313 02 011 0103
313 02 011 1255
313 02 24 77771
313 03 015 2122
313 05 27 00314
313 06 011 1374
313 06 045 0015
313 06 26 00715
313 06 27 01343
313 07 000 0032
313 07 000 0045
313 07 000 1066
313 07 010 0042
313 07 010 0045
313 07 010 0052
313 07 30 00224
313 10 000 0041
313 10 013 0041
313 10 31 66633
313 11 000 3377
313 11 37 64311
313 15 044 0032
313 15 24 00006
313 15 34 61322
313 16 000 0011
313 16 010 0011
313 16 100 3400
313 16 23 00000
313 17 021 2033
314 00 000 0617
314 00 006 0515
314 00 010 0000
314 00 010 0134
314 00 010 0331
314 00 010 1155
314 00 010 3402
314 00 011 0113
314 00 013 0162
314 00 015 3400
314 00 021 0234
314 00 036 0026
314 00 036 0070
314 00 042 0011
314 00 110 1645
314 00 111 2136
314 00 111 7001
314 00 22 00000
314 00 24 00003
314 00 24 02003
314 00 27 15331
314 00 30 04442
314 00 30 17627
314 00 30 64204
314 00 30 73670
314 01 010 0663
314 02 010 0007
314 03 000 2122
314 03 044 0002
314 05 000 0030
314 05 015 0030
314 05 045 0012
314 06 24 77771
314 06 26 00322
314 07 000 0052
314 07 000 0306
314 07 010 0032
314 07 011 1751
314 07 22 00155
314 07 22 00320
314 07 22 00514
314 07 26 00461
314 07 26 01007
314 07 26 01370
314 07 27 00322
314 07 27 00554
314 10 31 65614
314 10 37 00000
314 11 31 70367
314 12 25 01576
314 13 115 6031
314 13 24 00546
314 15 044 0016
314 16 010 0102
314 16 22 00000
314 16 25 00001
314 17 24 00000
314 17 24 77777
315 00 000 2205
315 00 000 3400
315 00 010 1257
315 00 010 3403
315 00 011 0107
315 00 011 0231
315 00 011 0515
315 00 012 0142
315 00 013 0515
315 00 015 0133
315 00 023 0000
315 00 036 0111
315 00 040 0005
315 00 040 0007
315 00 042 0012
315 00 110 0000
315 00 110 3370
315 00 110 6770
315 00 110 7027
315 00 111 1624
315 00 111 2050
315 00 115 2053
315 00 24 02003
315 00 26 74320
315 00 27 76620
315 00 30 07460
315 00 30 74725
315 01 010 1234
315 02 25 00046
315 04 24 00000
315 05 34 00000
315 06 010 0102
315 06 020 1452
315 06 126 1634
315 07 000 0066
315 07 000 0341
315 07 010 0030
315 07 010 1051
315 07 010 1557
315 07 045 0016
315 07 22 01711
315 07 23 01700
315 07 26 00252
315 07 26 00322
315 07 27 00554
315 10 010 0040
315 10 24 00000
315 13 012 0102
315 14 010 1176
315 14 34 17730
315 14 34 65763
315 15 010 0762
315 15 24 00005
315 16 000 0011
315 16 012 0762
315 16 23 00000
315 16 24 00000
315 17 044 0032
315 17 25 00001
316 00 000 1257
316 00 000 1340
316 00 000 3052
316 00 000 3401
316 00 010 0000
316 00 010 0134
316 00 010 1350
316 00 010 1455
316 00 010 3762
316 00 011 0142
316 00 011 0230
316 00 015 0124
316 00 015 0133
316 00 015 0140
316 00 015 3401
316 00 015 5452
316 00 036 0076
316 00 036 0101
316 00 040 0004
316 00 040 0014
316 00 040 0017
316 00 100 2053
316 00 115 7023
316 00 30 04442
316 01 24 00000
316 01 25 00011
316 02 000 0000
316 02 011 0102
316 02 012 0001
316 02 012 0103
316 02 015 0103
316 02 37 21314
316 03 010 0000
316 04 24 00000
316 05 24 77660
316 06 021 1453
316 06 27 01321
316 07 000 1051
316 07 010 0031
316 07 015 0040
316 07 26 00730
316 07 27 00720
316 07 27 00772
316 10 000 0040
316 12 25 00001
316 13 000 0000
316 13 015 0000
316 14 010 2100
316 14 010 3130
316 14 25 77777
316 15 24 00106
316 16 010 0000
316 16 010 1334
316 16 23 71666
316 16 31 07276
316 17 23 02222
316 17 30 00000
317 00 000 1350
317 00 000 1455
317 00 000 3202
317 00 000 3403
317 00 000 3762
317 00 000 5452
317 00 005 0372
317 00 010 0000
317 00 010 0162
317 00 010 0163
317 00 010 1420
317 00 011 0103
317 00 011 0106
317 00 011 0231
317 00 012 0133
317 00 013 0157
317 00 036 0040
317 00 036 0065
317 00 036 0111
317 00 036 0130
317 00 037 0013
317 00 040 0010
317 00 040 0017
317 00 042 0006
317 00 042 0017
317 00 100 1463
317 00 100 6770
317 00 110 2026
317 00 22 00000
317 00 23 00474
317 00 24 00003
317 00 24 02003
317 00 26 71323
317 00 27 15323
317 00 27 76325
317 00 30 17613
317 05 27 00330
317 06 34 07323
317 07 010 1700
317 07 22 00103
317 07 27 00051
317 07 30 00224
317 07 30 00426
317 15 010 0051
317 15 012 0153
317 15 24 00001
317 17 24 00000
320 00 000 3402
320 00 000 3441
320 00 005 0156
320 00 005 0162
320 00 010 0000
320 00 010 0003
320 00 010 0134
320 00 010 0616
320 00 011 0157
320 00 011 0526
320 00 011 3312
320 00 012 0027
320 00 012 3441
320 00 036 0112
320 00 040 0000
320 00 040 0001
320 00 040 0004
320 00 042 0012
320 00 042 0014
320 00 100 3405
320 00 110 3426
320 00 111 6026
320 00 24 02002
320 00 24 02003
320 00 26 06330
320 00 26 75342
320 00 27 77440
320 00 30 04510
320 00 30 05560
320 00 30 76652
320 02 010 2365
320 05 24 00013
320 05 26 00324
320 07 000 1555
320 07 000 1700
320 07 010 0031
320 07 010 0302
320 07 015 1536
320 07 22 00547
320 07 26 00051
320 07 26 01726
320 10 000 0115
320 12 000 0000
320 12 24 00001
320 13 34 00000
320 15 010 0102
320 15 010 0153
320 15 110 3407
320 16 010 0663
320 16 012 0003
320 16 012 0123
320 16 012 2333
320 16 24 00000
320 17 000 0076
320 17 015 0076
321 00 000 0616
321 00 002 0037
321 00 010 0526
321 00 010 2077
321 00 010 2205
321 00 011 0104
321 00 011 0136
321 00 011 0142
321 00 011 0154
321 00 011 0166
321 00 012 0027
321 00 012 0127
321 00 012 0142
321 00 015 0127
321 00 036 0050
321 00 036 0061
321 00 036 0130
321 00 036 0155
321 00 042 0003
321 00 110 3363
321 00 110 3377
321 00 112 7042
321 00 115 1751
321 00 115 3400
321 00 22 00000
321 00 23 00474
321 00 24 00003
321 00 24 02003
321 00 26 70725
321 00 26 76327
321 00 30 07001
321 00 30 75235
321 01 010 0103
321 01 26 00332
321 02 010 2122
321 06 010 0102
321 06 22 01315
321 07 010 0031
321 07 015 1555
321 07 23 01701
321 10 24 17760
321 10 30 00000
321 10 31 65605
321 11 000 1777
321 15 010 0102
321 15 010 1776
321 15 015 0133
321 15 24 76743
321 15 31 00000
321 16 000 2333
321 16 010 0000
321 16 010 2110
321 16 37 00000
322 00 000 0000
322 00 000 0027
322 00 000 2077
322 00 000 3305
322 00 010 0000
322 00 010 0163
322 00 010 0467
322 00 010 2645
322 00 010 3030
322 00 011 0162
322 00 011 0230
322 00 011 0546
322 00 011 0620
322 00 015 0117
322 00 015 0513
322 00 042 0011
322 00 042 0016
322 00 100 1700
322 00 100 1751
322 00 110 1760
322 00 110 7023
322 00 115 7027
322 00 22 00000
322 00 23 00474
322 00 24 00003
322 00 26 75343
322 00 27 74441
322 00 27 74747
322 00 27 77444
322 00 30 00000
322 00 30 15552
322 00 30 17670
322 01 010 0663
322 01 011 0073
322 02 000 2365
322 02 010 0021
322 02 110 2721
322 03 000 0000
322 07 000 0030
322 07 23 01666
322 07 26 00355
322 07 26 01275
322 10 010 0065
322 12 000 0000
322 12 015 0000
322 14 012 0102
322 15 000 0000
322 15 010 0762
322 16 000 2334
322 16 010 0123
322 16 015 2334
322 16 26 00000
322 17 000 0105
322 17 015 0105
322 17 24 50000
322 17 24 77721
323 00 000 0614
323 00 010 0117
323 00 010 3075
323 00 011 0114
323 00 011 0133
323 00 011 0142
323 00 011 0144
323 00 011 0155
323 00 011 0166
323 00 011 0172
323 00 013 0146
323 00 015 0104
323 00 023 0166
323 00 036 0036
323 00 036 0101
323 00 036 0105
323 00 040 0016
323 00 100 3526
323 00 110 1707
323 00 110 7042
323 00 115 1543
323 00 115 3526
323 00 24 00003
323 00 24 02003
323 00 26 74336
323 00 27 65404
323 00 27 66512
323 00 27 76325
323 00 30 04257
323 00 30 04510
323 00 30 66464
323 01 015 0103
323 01 24 77674
323 02 010 2365
323 02 100 2721
323 02 112 2721
323 03 000 0050
323 03 015 0050
323 03 24 00000
323 05 010 1777
323 05 011 0053
323 07 010 0467
323 07 010 1311
323 07 017 1722
323 07 23 01666
323 07 26 00740
323 07 27 00355
323 07 27 01354
323 10 000 3232
323 12 012 0102
323 12 015 0102
323 12 24 77726
323 14 24 00000
323 15 000 0762
323 15 24 00000
323 15 30 00000
323 16 110 1653
323 17 000 1031
323 17 010 0104
323 17 011 0103
323 17 100 6342
324 00 000 2645
324 00 000 3030
324 00 006 0000
324 00 010 0000
324 00 010 2341
324 00 010 4040
324 00 011 0151
324 00 011 0160
324 00 015 0112
324 00 031 0000
324 00 031 0100
324 00 036 0070
324 00 036 0075
324 00 040 0002
324 00 040 0003
324 00 040 0004
324 00 040 0016
324 00 042 0015
324 00 042 0016
324 00 100 2067
324 00 110 1765
324 00 22 00000
324 00 26 04743
324 00 26 64326
324 00 26 71326
324 00 27 07326
324 00 30 17563
324 00 30 66700
324 02 24 73567
324 05 000 1777
324 07 000 1751
324 07 010 0031
324 07 010 0046
324 07 010 0524
324 07 010 1311
324 07 010 1544
324 07 017 1723
324 07 22 00142
324 07 27 00327
324 07 27 00332
324 07 30 00731
324 10 010 0044
324 11 25 77777
324 12 010 1334
324 12 010 2364
324 13 31 00000
324 14 015 0000
324 14 35 15732
324 15 000 0001
324 15 000 1776
324 15 011 0143
324 15 24 77771
324 15 25 00077
324 16 010 1442
324 16 110 1657
324 17 000 1032
324 17 010 0000
324 17 25 00100
325 00 000 3075
325 00 000 3305
325 00 010 0131
325 00 010 0162
325 00 010 0324
325 00 010 0474
325 00 011 0112
325 00 011 0114
325 00 011 0162
325 00 011 0220
325 00 011 0515
325 00 011 3053
325 00 013 0533
325 00 020 0614
325 00 021 0234
325 00 036 0026
325 00 036 0066
325 00 036 0076
325 00 036 0106
325 00 036 0107
325 00 040 0004
325 00 040 0015
325 00 042 0011
325 00 042 0012
325 00 110 1751
325 00 110 2026
325 00 121 7204
325 00 22 00000
325 00 24 02003
325 00 27 65414
325 00 30 07045
325 00 30 66466
325 01 000 0000
325 01 22 00624
325 03 010 0103
325 06 26 00733
325 07 010 0310
325 07 22 00332
325 07 22 01545
325 07 26 00731
325 07 26 01166
325 07 27 00327
325 07 27 00330
325 07 27 00335
325 10 010 0051
325 12 000 1334
325 12 31 00000
325 14 000 0000
325 15 013 0000
325 15 22 00000
325 15 25 77775
325 15 31 04516
325 15 31 71222
325 16 010 0000
325 16 110 3465
325 16 111 3400
325 16 24 00004
325 16 25 00001
325 17 000 1771
325 17 010 0764
325 17 100 6343
325 17 37 71315
326 00 000 0324
326 00 000 0474
326 00 010 0000
326 00 010 3361
326 00 011 0142
326 00 011 0231
326 00 011 2054
326 00 012 0166
326 00 012 0220
326 00 036 0070
326 00 036 0102
326 00 040 0001
326 00 040 0005
326 00 040 0017
326 00 042 0012
326 00 042 0014
326 00 100 1463
326 00 110 1616
326 00 110 2316
326 00 22 00000
326 00 24 00003
326 00 26 64652
326 00 26 73731
326 00 27 63412
326 00 27 74070
326 01 010 2222
326 02 010 2110
326 02 010 2365
326 02 010 3060
326 02 25 00002
326 03 000 0103
326 03 012 0103
326 03 23 71473
326 04 011 0123
326 05 000 0371
326 05 34 00000
326 06 011 1405
326 06 25 00001
326 07 000 0032
326 07 010 0310
326 07 010 1026
326 07 22 00325
326 07 27 01306
326 07 30 00270
326 10 000 0051
326 10 010 0044
326 10 036 0100
326 10 37 07336
326 12 31 00000
326 12 37 64324
326 14 30 00000
326 15 005 0001
326 15 036 0100
326 16 000 0000
326 16 010 3424
326 16 110 3457
326 17 100 6344
326 17 24 07326
326 17 37 00000
327 00 000 2204
327 00 006 0156
327 00 010 0000
327 00 010 0103
327 00 010 3305
327 00 010 3762
327 00 011 0112
327 00 011 0226
327 00 011 0436
327 00 012 0156
327 00 015 0113
327 00 015 0203
327 00 015 0604
327 00 036 0050
327 00 036 0054
327 00 036 0061
327 00 036 0076
327 00 040 0012
327 00 040 0013
327 00 040 0015
327 00 042 0013
327 00 042 0017
327 00 110 2067
327 00 111 1757
327 00 111 2050
327 00 121 7204
327 00 26 74757
327 00 30 17664
327 01 000 0000
327 01 000 0102
327 01 015 0102
327 01 24 77761
327 01 37 71307
327 02 010 3171
327 03 24 77701
327 05 26 00000
327 06 26 00334
327 07 010 1311
327 07 012 0051
327 07 015 0030
327 07 24 77756
327 07 26 00340
327 07 26 00372
327 07 26 01330
327 07 27 00335
327 10 31 06347
327 11 24 00000
327 12 011 0102
327 15 000 0000
327 15 000 0001
327 15 25 00016
327 17 25 00070
330 00 000 0474
330 00 000 3762
330 00 010 0000
330 00 010 0162
330 00 011 0141
330 00 011 0162
330 00 011 0516
330 00 011 1422
330 00 012 0162
330 00 015 0474
330 00 036 0074
330 00 036 0103
330 00 042 0003
330 00 042 0004
330 00 042 0013
330 00 100 1656
330 00 100 1700
330 00 100 2070
330 00 110 1436
330 00 110 1442
330 00 110 7177
330 00 110 7206
330 00 22 00000
330 00 24 00002
330 00 24 02003
330 00 26 07530
330 00 26 75332
330 00 30 15475
330 01 37 00000
330 02 010 2110
330 02 015 0103
330 03 000 1677
330 04 24 77776
330 05 000 0372
330 05 044 0016
330 06 013 1372
330 07 000 0030
330 07 000 1665
330 07 010 0300
330 07 010 1675
330 07 015 0032
330 07 015 0034
330 07 22 00324
330 07 22 00327
330 10 010 0044
330 11 000 2000
330 11 036 0050
330 12 25 77761
330 12 37 00000
330 13 25 00001
330 14 044 0012
330 16 000 1334
330 16 24 77722
331 00 000 0000
331 00 010 0006
331 00 010 0446
331 00 010 0621
331 00 010 2145
331 00 010 3431
331 00 011 0106
331 00 012 0474
331 00 012 0516
331 00 036 0050
331 00 036 0060
331 00 040 0013
331 00 040 0021
331 00 100 7206
331 00 110 1616
331 00 112 2316
331 00 22 46000
331 00 24 00003
331 00 26 63426
331 00 27 65427
331 00 30 05176
331 00 30 15531
331 00 30 17575
331 02 000 0053
331 02 015 0053
331 03 045 0004
331 03 23 00103
331 03 23 71473
331 03 37 70730
331 04 010 2077
331 04 015 2102
331 04 044 0016
331 04 24 77776
331 05 26 00347
331 07 015 0045
331 07 22 00714
331 07 22 01002
331 07 26 01401
331 07 27 00335
331 07 30 00740
331 12 000 1215
331 12 010 1216
331 12 24 00000
331 13 000 1236
331 15 000 0002
331 16 110 1653
331 16 23 02301
331 16 25 00117
331 16 30 00000
331 16 37 73725
331 17 23 02122
331 17 24 00000
332 00 000 0446
332 00 010 0000
332 00 010 0117
332 00 010 0346
332 00 010 0440
332 00 010 3127
332 00 011 0103
332 00 011 0125
332 00 011 0141
332 00 011 0164
332 00 011 0545
332 00 012 0163
332 00 015 0131
332 00 036 0060
332 00 036 0117
332 00 042 0003
332 00 111 1757
332 00 111 2135
332 00 112 1742
332 00 22 00000
332 00 24 00003
332 00 26 07334
332 00 26 67256
332 00 27 71346
332 04 000 2077
332 04 010 0035
332 04 35 00000
332 04 37 17731
332 05 000 0373
332 05 010 0000
332 06 010 2122
332 06 017 1442
332 07 010 0032
332 07 010 1547
332 07 26 00740
332 07 27 01741
332 12 000 3147
332 12 010 3150
332 13 000 3203
332 13 30 00000
332 15 010 0051
332 15 31 04516
332 16 24 77772
332 17 036 0110
333 00 000 0001
333 00 000 0440
333 00 010 0331
333 00 011 0172
333 00 011 0436
333 00 011 0546
333 00 012 0103
333 00 015 0125
333 00 015 0463
333 00 031 0100
333 00 036 0060
333 00 036 0070
333 00 036 0072
333 00 040 0016
333 00 042 0013
333 00 110 1657
333 00 115 1700
333 00 115 2050
333 00 22 00000
333 00 24 00000
333 00 24 00003
333 00 26 70771
333 00 26 75336
333 00 27 16735
333 01 24 02000
333 02 24 00000
333 04 24 77776
333 05 000 0000
333 05 015 1777
333 06 044 0002
333 07 22 01563
333 11 27 00000
333 11 37 00000
333 12 000 1235
333 12 010 1236
333 15 010 0002
333 15 24 00003
333 16 044 0005
333 16 100 2445
333 16 100 3532
333 16 110 2147
333 16 37 04333
333 17 015 1055
334 00 000 0331
334 00 000 2217
334 00 005 0526
334 00 010 0621
334 00 010 3231
334 00 011 0124
334 00 015 0155
334 00 030 0037
334 00 031 0100
334 00 036 0074
334 00 036 0076
334 00 036 0106
334 00 036 0152
334 00 040 0002
334 00 040 0014
334 00 110 1522
334 00 110 1747
334 00 110 3426
334 00 22 00000
334 00 24 00003
334 00 24 02003
334 00 26 15735
334 02 31 73701
334 03 010 0001
334 04 010 2077
334 04 012 2102
334 04 24 77751
334 04 24 77775
334 04 25 00001
334 05 015 0373
334 05 30 00000
334 06 010 1405
334 06 011 1401
334 07 000 1675
334 07 23 01311
334 07 27 00554
334 10 24 17762
334 11 27 00000
334 12 000 2364
334 12 37 64331
334 13 110 7777
334 15 31 04516
334 15 31 70232
334 16 015 0161
334 16 31 04715
334 17 000 1055
334 17 010 0040
335 00 002 0030
335 00 010 0053
335 00 010 0621
335 00 012 5167
335 00 015 0156
335 00 015 0160
335 00 015 0604
335 00 023 0166
335 00 036 0070
335 00 036 0075
335 00 036 0152
335 00 036 0155
335 00 040 0002
335 00 040 0012
335 00 040 0013
335 00 040 0015
335 00 040 0016
335 00 110 1457
335 00 110 1741
335 00 111 1437
335 00 24 00003
335 00 27 17606
335 01 24 00000
335 01 26 01342
335 02 010 2122
335 02 044 0017
335 03 011 0065
335 03 24 00000
335 04 37 17734
335 05 000 0373
335 05 010 0000
335 06 22 00252
335 07 000 0053
335 07 015 0035
335 07 036 0072
335 07 26 01452
335 10 24 77773
335 11 011 0517
335 12 23 02222
335 14 37 00000
335 15 000 0002
335 15 31 71173
335 16 036 0064
335 16 110 1653
335 16 24 00003
335 16 37 16731
335 17 010 0040
335 17 010 1340
336 00 000 0622
336 00 000 2214
336 00 000 3305
336 00 000 5167
336 00 002 0031
336 00 010 1345
336 00 010 2222
336 00 011 0142
336 00 011 2317
336 00 012 2317
336 00 036 0070
336 00 036 0073
336 00 036 0076
336 00 036 0104
336 00 036 0117
336 00 040 0012
336 00 040 0014
336 00 040 0015
336 00 042 0011
336 00 042 0015
336 00 100 2053
336 00 100 2316
336 00 110 1640
336 00 110 2070
336 00 112 1701
336 00 22 00000
336 00 26 17456
336 00 27 06340
336 00 30 04503
336 01 24 00017
336 02 24 00000
336 05 000 0374
336 05 015 0365
336 05 044 0016
336 06 010 2122
336 06 26 00743
336 07 000 1025
336 07 000 1666
336 07 010 0053
336 07 27 00554
336 10 30 00000
336 11 31 70367
336 12 24 00000
336 15 011 1570
336 16 000 2110
336 16 015 2110
336 16 100 1642
336 16 107 2267
336 16 31 05176
336 17 24 00000
337 00 002 0032
337 00 007 0146
337 00 010 3411
337 00 011 0103
337 00 011 0154
337 00 011 0155
337 00 011 0231
337 00 011 0546
337 00 012 0515
337 00 015 0140
337 00 015 5167
337 00 031 0000
337 00 033 0177
337 00 033 4177
337 00 036 0110
337 00 040 0007
337 00 110 1750
337 00 110 3426
337 00 110 7334
337 00 112 1437
337 00 23 71422
337 00 24 00003
337 00 24 02003
337 00 26 05347
337 00 26 16755
337 00 26 74343
337 00 27 66752
337 01 24 00013
337 02 011 0102
337 02 24 01400
337 05 22 00370
337 06 044 0013
337 06 24 77641
337 07 000 0053
337 07 010 1036
337 07 23 00045
337 07 27 00345
337 13 24 01267
337 14 24 00000
337 15 000 0003
337 15 000 1570
337 15 24 00000
337 15 31 04516
337 15 31 71173
337 16 010 0103
337 16 036 0064
337 16 110 3467
337 16 111 1653
337 17 010 1340
337 17 011 0103
337 17 24 00000
340 00 000 5167
340 00 000 5170
340 00 002 0033
340 00 010 0076
340 00 010 0120
340 00 010 0446
340 00 010 1462
340 00 011 0142
340 00 011 0161
340 00 012 0000
340 00 036 0110
340 00 040 0013
340 00 040 0014
340 00 040 0015
340 00 042 0015
340 00 042 0016
340 00 050 7701
340 00 100 7203
340 00 100 7625
340 00 110 2065
340 00 115 1451
340 00 22 00000
340 00 23 00474
340 00 24 00003
340 00 26 07561
340 00 26 15341
340 00 26 17744
340 00 27 64414
340 00 27 74750
340 01 24 00021
340 01 26 00364
340 02 011 0002
340 06 010 0234
340 06 011 1401
340 06 26 00743
340 06 27 00353
340 07 000 0052
340 07 010 1031
340 07 010 1547
340 07 045 0002
340 07 22 00126
340 11 31 70367
340 12 000 2364
340 12 012 2364
340 12 044 0016
340 13 010 0140
340 13 044 0017
340 14 31 00000
340 15 22 00007
340 15 24 00001
340 15 31 04325
340 16 110 3504
340 16 115 1446
340 17 111 2106
340 17 34 74753
341 00 010 0000
341 00 010 1350
341 00 010 2040
341 00 011 0116
341 00 011 0147
341 00 011 0225
341 00 012 0000
341 00 015 0105
341 00 015 0136
341 00 036 0026
341 00 036 0051
341 00 036 0127
341 00 036 0152
341 00 040 0012
341 00 042 0013
341 00 100 7202
341 00 110 1460
341 00 111 7007
341 00 22 00000
341 00 23 00474
341 00 23 77625
341 00 24 00003
341 00 26 00000
341 00 26 17744
341 00 27 15772
341 00 30 64635
341 00 30 71235
341 01 24 00015
341 02 010 2365
341 03 012 0000
341 04 22 00000
341 06 010 0762
341 06 010 2122
341 07 000 1026
341 07 000 1070
341 07 010 1666
341 07 015 1672
341 07 26 00152
341 07 26 01745
341 07 27 00740
341 07 30 00652
341 12 23 02364
341 13 010 0111
341 15 000 0007
341 15 000 1570
341 15 31 71173
341 16 100 1653
341 16 22 00000
341 16 24 77771
341 17 25 00040
342 00 000 2040
342 00 010 0162
342 00 010 0444
342 00 010 0446
342 00 010 0621
342 00 010 1132
342 00 010 2040
342 00 011 0110
342 00 011 0117
342 00 011 0230
342 00 011 0515
342 00 012 0153
342 00 012 0166
342 00 012 0172
342 00 012 0513
342 00 012 3411
342 00 013 0607
342 00 015 0117
342 00 015 1462
342 00 030 0077
342 00 036 0076
342 00 036 0107
342 00 042 0015
342 00 042 0016
342 00 042 0017
342 00 100 2070
342 00 100 3424
342 00 110 1755
342 00 110 3424
342 00 110 7007
342 00 22 00000
342 00 24 02003
342 00 26 15746
342 00 27 05346
342 00 27 07517
342 01 011 0161
342 03 100 1473
342 06 30 01355
342 07 000 0035
342 07 010 0052
342 07 011 0103
342 07 22 00740
342 07 26 00152
342 07 26 00777
342 11 30 00000
342 13 24 00000
342 15 24 00000
342 15 25 00000
342 15 31 04516
342 15 37 00000
342 16 002 0027
342 17 010 0000
343 00 000 0444
343 00 000 1132
343 00 010 0000
343 00 010 0041
343 00 010 0233
343 00 010 2040
343 00 011 0113
343 00 011 0124
343 00 011 1163
343 00 011 3411
343 00 015 0122
343 00 036 0036
343 00 036 0127
343 00 040 0015
343 00 100 2067
343 00 100 7007
343 00 110 3405
343 00 23 00474
343 00 23 02205
343 00 24 00003
343 00 26 70350
343 00 27 06762
343 00 27 17627
343 00 27 74350
343 00 27 75322
343 01 26 00354
343 02 100 2366
343 05 012 0364
343 05 24 00001
343 06 011 1436
343 06 22 01310
343 06 24 00061
343 06 37 00000
343 07 000 1553
343 07 005 0341
343 07 010 0045
343 07 010 1073
343 07 015 1535
343 07 22 00741
343 07 26 00152
343 07 26 00345
343 07 27 00745
343 10 010 0115
343 12 012 2222
343 14 25 77757
343 14 34 07504
343 15 010 1600
343 15 044 0001
343 15 30 00000
343 15 37 00000
343 16 37 04342
343 17 25 00001
344 00 000 1462
344 00 010 0077
344 00 010 0162
344 00 010 1133
344 00 011 0102
344 00 011 0147
344 00 011 0162
344 00 011 3365
344 00 023 3271
344 00 036 0027
344 00 040 0017
344 00 042 0013
344 00 105 6015
344 00 23 00474
344 00 27 04747
344 00 27 07415
344 00 27 74753
344 00 30 05347
344 00 30 17354
344 01 010 0002
344 02 010 0102
344 03 25 00001
344 05 26 00351
344 06 26 00745
344 07 000 1073
344 07 000 1543
344 07 005 0342
344 07 010 0030
344 07 012 0045
344 07 23 01550
344 07 26 00350
344 07 27 01363
344 07 30 00340
344 07 30 01200
344 10 22 00000
344 12 013 0503
344 15 000 1050
344 15 010 1731
344 15 31 04325
344 16 110 3432
344 16 24 77765
345 00 000 1133
345 00 002 0107
345 00 010 0162
345 00 010 0513
345 00 010 1421
345 00 012 0141
345 00 037 0007
345 00 042 0015
345 00 042 0016
345 00 100 2067
345 00 100 3424
345 00 110 7202
345 00 111 7007
345 00 115 2067
345 00 22 00000
345 00 22 46000
345 00 24 00003
345 00 26 07326
345 02 044 0011
345 03 010 0573
345 03 23 00115
345 03 24 00004
345 03 30 00000
345 07 000 1544
345 07 000 1773
345 07 010 0302
345 11 30 00000
345 14 000 0001
345 14 000 0401
345 15 000 0310
345 15 000 1731
345 15 31 04516
345 16 010 2110
345 16 31 04603
345 16 31 05176
345 17 24 00030
345 17 24 77761
345 17 35 64203
346 00 000 0001
346 00 010 0000
346 00 011 0104
346 00 011 0160
346 00 011 0230
346 00 012 0000
346 00 012 0103
346 00 036 0071
346 00 040 0013
346 00 042 0002
346 00 100 1700
346 00 100 3434
346 00 110 1657
346 00 110 1751
346 00 110 2116
346 00 110 7202
346 00 112 3434
346 00 122 1700
346 00 26 17627
346 00 27 76051
346 00 30 64026
346 01 010 1726
346 01 22 01112
346 02 24 77741
346 03 010 0115
346 04 22 00000
346 05 000 0060
346 05 036 0127
346 06 000 1445
346 07 010 0035
346 07 010 0052
346 07 045 0011
346 07 30 00064
346 11 24 64203
346 11 27 00000
346 13 010 2122
346 14 000 1001
346 14 000 1401
346 14 25 77655
346 15 25 00004
346 16 24 00004
346 16 31 05176
346 17 013 0011
347 00 000 3305
347 00 010 0000
347 00 010 0103
347 00 010 0112
347 00 010 0152
347 00 010 0162
347 00 011 0133
347 00 012 0156
347 00 012 0515
347 00 021 2034
347 00 036 0062
347 00 036 0066
347 00 036 0071
347 00 036 0076
347 00 100 1657
347 00 100 3405
347 00 100 7007
347 00 110 2070
347 00 115 2070
347 00 115 3424
347 00 115 7007
347 00 24 00003
347 00 30 04442
347 01 011 0001
347 02 24 00000
347 02 24 77770
347 03 24 77777
347 05 000 0372
347 07 010 0030
347 07 010 0045
347 07 010 0306
347 07 010 1001
347 07 015 1665
347 07 26 00336
347 07 26 00737
347 07 26 01752
347 07 30 00301
347 12 23 02122
347 12 24 77773
347 13 24 00000
347 14 25 77776
347 14 34 07411
347 15 000 0002
347 15 25 00001
347 15 31 04607
347 15 35 00000
347 16 110 1653
347 16 30 00000
347 16 37 60343
347 17 000 0011
347 17 24 00000
350 00 000 1421
350 00 002 0237
350 00 010 0000
350 00 010 0003
350 00 010 2213
350 00 010 3451
350 00 012 0404
350 00 036 0054
350 00 036 0147
350 00 040 0007
350 00 042 0016
350 00 100 7202
350 00 110 1640
350 00 110 1700
350 00 110 1745
350 00 115 2053
350 00 22 00000
350 00 24 00003
350 00 24 02003
350 00 26 71354
350 01 000 0001
350 01 010 0663
350 02 011 0102
350 03 044 0002
350 03 044 0016
350 03 23 00115
350 05 24 00000
350 06 010 1445
350 07 000 0306
350 07 010 1030
350 07 045 0016
350 07 22 00323
350 07 22 00740
350 07 23 00031
350 07 26 00760
350 07 26 00767
350 07 30 00224
350 10 000 1130
350 11 25 77740
350 12 010 0102
350 13 011 0103
350 13 24 00751
350 14 000 0601
350 14 25 77754
350 14 34 07412
350 15 044 0005
350 16 110 3370
350 16 24 77773
350 16 34 04766
350 17 000 1440
350 17 010 0000
351 00 000 2215
351 00 000 2217
351 00 010 0003
351 00 010 0053
351 00 011 0103
351 00 011 0147
351 00 011 0230
351 00 013 0155
351 00 023 0000
351 00 036 0070
351 00 036 0103
351 00 040 0035
351 00 042 0006
351 00 111 1616
351 00 112 1437
351 00 112 1451
351 00 22 00000
351 00 24 00002
351 00 24 00003
351 00 24 02000
351 00 26 17756
351 00 26 70172
351 00 26 74365
351 00 26 75364
351 00 27 05354
351 00 30 76051
351 02 000 0000
351 02 010 0000
351 02 23 02222
351 02 24 00000
351 04 37 00000
351 05 010 0060
351 05 010 0376
351 06 005 1400
351 06 27 00353
351 06 27 00762
351 07 000 0277
351 07 000 0310
351 07 010 0033
351 07 011 0103
351 07 22 01644
351 07 23 00777
351 07 23 01550
351 07 26 00154
351 10 22 00000
351 11 000 1777
351 12 24 00000
351 12 26 00000
351 13 010 0040
351 14 25 77775
351 14 34 07530
351 15 31 00000
351 16 010 0471
351 16 22 00005
351 16 24 00000
351 17 25 00017
352 00 000 0003
352 00 010 0163
352 00 010 1345
352 00 011 0517
352 00 011 3360
352 00 012 0163
352 00 012 2034
352 00 013 3452
352 00 036 0050
352 00 042 0017
352 00 22 00000
352 00 24 02003
352 00 26 16023
352 00 26 74357
352 00 27 04677
352 01 010 1571
352 02 000 0000
352 02 010 0102
352 02 37 00000
352 03 010 0573
352 03 23 00115
352 03 24 00000
352 05 005 0340
352 05 044 0015
352 05 27 00356
352 07 000 0047
352 07 000 0302
352 07 010 0034
352 07 015 1021
352 07 22 00351
352 07 22 00751
352 07 23 01000
352 07 26 00427
352 10 000 1132
352 12 010 0000
352 13 010 0026
352 13 010 0100
352 13 24 00000
352 13 35 76345
352 14 24 77765
352 14 25 77761
352 14 34 07370
352 16 100 2267
352 16 111 1653
352 16 115 1642
352 16 22 00000
352 17 010 0000
352 17 25 77761
353 00 010 0112
353 00 010 0162
353 00 010 0221
353 00 010 3762
353 00 011 0037
353 00 011 1163
353 00 012 0103
353 00 013 3305
353 00 023 0166
353 00 036 0025
353 00 036 0106
353 00 040 0034
353 00 110 3367
353 00 110 3512
353 00 22 00000
353 00 23 00474
353 00 24 00003
353 00 24 02000
353 00 26 16023
353 01 012 0663
353 01 25 77767
353 01 26 01412
353 02 23 02364
353 05 000 0060
353 05 22 00355
353 06 021 1447
353 07 000 0033
353 07 000 1600
353 07 010 0032
353 07 010 0047
353 07 010 0777
353 07 011 0103
353 07 012 0103
353 07 22 00224
353 07 27 00166
353 11 24 00000
353 12 37 00000
353 13 000 0100
353 13 24 00000
353 14 000 0000
353 14 24 00000
353 14 25 77615
353 14 34 07373
353 15 24 00000
353 15 31 17762
353 16 012 0100
353 16 033 0020
353 16 100 1653
353 16 24 77741
353 16 31 05176
353 17 24 77762
354 00 000 2217
354 00 000 3762
354 00 010 0000
354 00 010 0140
354 00 010 0444
354 00 010 3451
354 00 011 0106
354 00 011 0131
354 00 011 0230
354 00 012 0103
354 00 015 0104
354 00 015 0113
354 00 015 0144
354 00 040 0000
354 00 040 0010
354 00 040 0016
354 00 042 0013
354 00 042 0016
354 00 110 1656
354 00 23 00474
354 00 24 02003
354 00 26 74362
354 00 30 15475
354 01 27 01633
354 01 30 01240
354 02 000 0041
354 02 012 0102
354 02 013 0041
354 04 24 00000
354 04 24 77777
354 05 013 0372
354 05 30 00000
354 06 000 1446
354 07 000 0034
354 07 000 0756
354 07 000 1665
354 07 010 0031
354 07 010 0041
354 07 010 0476
354 07 010 1064
354 07 013 1553
354 07 26 00467
354 07 27 00756
354 07 30 00062
354 07 30 00310
354 10 22 00000
354 10 31 66717
354 11 010 0011
354 11 26 00000
354 13 010 0066
354 14 22 00013
354 14 25 00001
354 14 34 07506
354 16 25 46000
354 17 010 0000
354 17 010 1047
354 17 015 1440
354 17 036 0100
355 00 000 0037
355 00 000 2002
355 00 000 3451
355 00 002 0030
355 00 010 0000
355 00 010 0103
355 00 010 0104
355 00 010 0106
355 00 010 0110
355 00 010 2320
355 00 011 0164
355 00 013 0545
355 00 015 2002
355 00 015 2321
355 00 036 0073
355 00 036 0075
355 00 042 0003
355 00 042 0012
355 00 100 3367
355 00 110 5356
355 00 22 00000
355 00 23 00474
355 00 24 02003
355 00 27 03750
355 00 27 15760
355 00 30 77466
355 01 22 01041
355 03 000 0041
355 03 000 0573
355 03 013 0041
355 03 23 00115
355 03 37 61306
355 05 000 0372
355 05 30 00351
355 06 015 1446
355 06 27 00357
355 07 000 1672
355 07 22 00314
355 07 23 00035
355 07 23 01000
355 07 23 01550
355 07 27 00375
355 10 010 0065
355 10 010 1132
355 14 000 0013
355 14 000 0200
355 14 25 00001
355 14 34 07506
355 15 25 77763
355 16 010 0475
355 16 010 1576
355 16 041 0014
355 16 24 00000
355 16 24 77771
355 16 37 04355
355 17 100 2721
356 00 000 0442
356 00 001 2216
356 00 001 2217
356 00 002 0020
356 00 010 0077
356 00 010 0103
356 00 010 1174
356 00 010 3305
356 00 011 0053
356 00 013 0155
356 00 013 0162
356 00 015 0442
356 00 015 2322
356 00 033 0147
356 00 036 0102
356 00 036 0105
356 00 040 0000
356 00 040 0015
356 00 110 2326
356 00 22 00000
356 00 23 00474
356 00 24 00003
356 00 30 17760
356 00 30 76352
356 01 010 0573
356 01 010 1726
356 05 22 00351
356 05 22 00354
356 06 24 77772
356 07 000 0041
356 07 22 00403
356 07 27 00050
356 07 27 00425
356 07 27 01342
356 10 000 1132
356 10 011 0103
356 11 25 00000
356 11 30 00000
356 13 010 0112
356 14 25 00001
356 14 34 07410
356 14 37 00000
356 15 000 0003
356 15 24 04201
356 15 31 00000
356 15 35 00000
356 16 100 3370
356 16 23 00003
356 16 31 05224
356 17 25 00010
357 00 000 0001
357 00 000 1174
357 00 001 2220
357 00 001 2221
357 00 010 0117
357 00 010 0442
357 00 010 3356
357 00 011 0110
357 00 011 0230
357 00 011 2657
357 00 015 0041
357 00 015 0103
357 00 036 0147
357 00 040 0000
357 00 042 0001
357 00 042 0011
357 00 042 0012
357 00 22 00000
357 00 24 00003
357 00 24 02000
357 00 30 04510
357 00 30 17722
357 00 30 65620
357 00 30 70205
357 00 30 74733
357 01 010 0002
357 02 24 77740
357 05 010 0372
357 06 22 00354
357 06 37 06357
357 07 000 0036
357 07 010 1560
357 07 015 0046
357 10 24 66501
357 10 24 67100
357 10 26 00000
357 11 24 77777
357 13 000 0112
357 14 000 0001
357 14 000 0401
357 14 044 0013
357 14 25 00001
357 14 34 07407
357 15 011 0002
357 15 012 0003
357 15 25 44000
357 15 31 75150
357 16 010 1576
357 16 044 0015
357 16 110 2147
357 16 110 3467
357 16 24 77777
357 16 37 00000
357 17 37 00000
360 00 000 0001
360 00 002 0237
360 00 010 0000
360 00 010 3030
360 00 011 0113
360 00 011 0513
360 00 015 0113
360 00 015 0146
360 00 015 0444
360 00 036 0050
360 00 036 0117
360 00 040 0000
360 00 040 0027
360 00 042 0013
360 00 111 2050
360 00 23 02215
360 00 24 02003
360 00 26 05411
360 00 26 16772
360 00 26 67111
360 00 30 17300
360 01 000 1571
360 01 010 0663
360 02 25 00040
360 03 044 0015
360 04 044 0012
360 04 24 77741
360 05 000 0060
360 05 021 0334
360 06 044 0016
360 07 000 1701
360 07 010 0311
360 07 010 1031
360 07 015 0317
360 07 045 0012
360 07 22 00103
360 07 26 00362
360 07 26 00373
360 07 27 00150
360 10 010 0053
360 14 000 1001
360 14 000 1401
360 14 25 00211
360 14 34 07371
360 15 000 0003
360 15 012 1000
360 15 24 00000
360 15 24 76001
360 15 25 00004
360 16 000 0003
360 16 24 00364
360 16 37 15760
361 00 000 0444
361 00 000 3030
361 00 002 0020
361 00 010 0000
361 00 010 1455
361 00 011 0136
361 00 011 0230
361 00 013 0607
361 00 015 0141
361 00 015 0151
361 00 015 0152
361 00 036 0072
361 00 036 0076
361 00 041 0021
361 00 110 2036
361 00 112 1640
361 00 26 65763
361 00 26 70774
361 02 010 2365
361 04 011 0147
361 05 000 0372
361 05 015 0325
361 05 30 00000
361 06 010 1373
361 06 24 00000
361 07 000 0317
361 07 000 1773
361 07 015 0310
361 07 22 00403
361 07 23 00476
361 07 26 00764
361 07 30 00211
361 10 044 0003
361 12 22 00000
361 14 010 0000
361 14 25 77773
361 14 34 07415
361 15 000 1000
361 15 000 3777
361 15 036 0024
361 15 30 00000
361 15 31 00000
361 15 37 60761
361 16 24 00000
361 17 24 00002
362 00 002 0037
362 00 005 0526
362 00 011 0141
362 00 012 0162
362 00 013 0132
362 00 015 0445
362 00 021 2033
362 00 036 0040
362 00 040 0000
362 00 040 0017
362 00 041 0032
362 00 041 0033
362 00 042 0002
362 00 042 0015
362 00 100 1645
362 00 100 2030
362 00 110 1540
362 00 22 46000
362 00 24 00003
362 00 24 02003
362 00 26 06757
362 00 30 07275
362 01 010 0327
362 01 012 1726
362 01 015 1571
362 02 100 2366
362 02 22 00000
362 05 010 0060
362 05 30 00116
362 07 000 0042
362 07 000 0310
362 07 22 00367
362 07 26 00057
362 07 26 00763
362 07 27 00432
362 10 000 1131
362 10 010 0663
362 10 013 1132
362 10 30 00000
362 12 010 0035
362 13 044 0001
362 13 25 00001
362 14 25 77777
362 14 34 07415
362 16 000 1576
362 16 033 0020
362 16 24 77770
362 16 25 00001
363 00 000 0445
363 00 001 2214
363 00 001 2215
363 00 002 0027
363 00 006 0515
363 00 010 0123
363 00 010 3416
363 00 011 0106
363 00 011 0230
363 00 011 0531
363 00 012 0141
363 00 012 0151
363 00 012 0162
363 00 013 0162
363 00 036 0076
363 00 036 0117
363 00 100 1653
363 00 110 1645
363 00 110 1676
363 00 110 1700
363 00 24 02003
363 00 30 16404
363 00 30 76442
363 01 000 1571
363 01 000 1617
363 01 25 77741
363 01 27 00665
363 01 30 01370
363 01 37 70762
363 02 31 65422
363 04 010 0147
363 04 012 0722
363 04 24 77775
363 04 37 00000
363 07 015 0042
363 07 27 01177
363 10 000 1133
363 11 30 00000
363 13 010 0063
363 14 010 1176
363 14 045 0017
363 14 24 76352
363 14 34 07415
363 15 30 00000
363 16 31 05176
364 00 000 2213
364 00 000 2215
364 00 002 0107
364 00 010 0000
364 00 011 0445
364 00 011 0513
364 00 011 0545
364 00 012 0163
364 00 036 0102
364 00 036 0105
364 00 036 0120
364 00 036 0134
364 00 040 0014
364 00 042 0012
364 00 100 1676
364 00 100 1700
364 00 110 1541
364 00 110 1747
364 00 111 1437
364 00 111 1617
364 00 22 00000
364 00 27 74355
364 01 22 00364
364 01 35 60750
364 02 24 64524
364 02 25 00001
364 03 24 00002
364 04 044 0010
364 04 34 00000
364 05 000 0372
364 07 000 0043
364 07 010 0030
364 07 010 0516
364 07 010 1026
364 07 22 00061
364 07 27 00372
364 07 27 00377
364 07 27 01177
364 10 013 1131
364 10 25 00067
364 13 010 0070
364 16 24 00612
364 16 31 05176
364 17 010 1050
365 00 000 0000
365 00 010 0777
365 00 010 2215
365 00 011 0103
365 00 011 0375
365 00 011 0436
365 00 011 0546
365 00 011 3365
365 00 012 1163
365 00 036 0030
365 00 036 0102
365 00 040 0002
365 00 040 0006
365 00 040 0016
365 00 042 0010
365 00 100 1652
365 00 22 46000
365 00 24 00003
365 00 26 06373
365 00 26 06767
365 00 26 17767
365 00 27 15374
365 00 30 70774
365 01 010 1501
365 02 010 1570
365 02 044 0015
365 02 24 00000
365 04 010 0147
365 06 000 1445
365 06 011 1411
365 06 27 00001
365 07 006 1600
365 07 010 0031
365 07 011 1743
365 07 23 01666
365 07 27 00346
365 07 27 00770
365 07 30 00201
365 10 010 2040
365 14 30 00000
365 16 010 1450
365 16 010 2110
365 16 010 3105
365 16 24 00352
365 17 010 0027
365 17 24 00000
365 17 37 60747
366 00 000 0001
366 00 002 0101
366 00 010 0162
366 00 011 0141
366 00 012 0147
366 00 036 0060
366 00 040 0010
366 00 042 0011
366 00 100 1701
366 00 106 1700
366 00 110 1645
366 00 112 1457
366 00 112 3433
366 00 24 00002
366 00 24 00003
366 00 24 02003
366 00 26 04367
366 00 26 65776
366 00 27 06770
366 00 27 74433
366 00 30 70370
366 01 24 77775
366 01 27 00404
366 02 010 0000
366 03 24 00000
366 04 24 77773
366 05 000 0060
366 05 010 0372
366 06 22 00766
366 06 24 70001
366 06 26 00372
366 07 010 1015
366 07 26 00520
366 07 27 00372
366 07 30 00370
366 12 044 0003
366 12 30 00000
366 16 044 0001
366 17 24 70000
366 17 24 77701
367 00 010 0445
367 00 011 0140
367 00 011 0436
367 00 012 0375
367 00 015 0326
367 00 036 0110
367 00 036 0124
367 00 040 0016
367 00 110 6735
367 00 112 1442
367 00 115 1456
367 00 22 00000
367 00 24 02003
367 00 27 67272
367 00 27 71376
367 00 30 70370
367 00 30 73562
367 02 010 0000
367 02 37 00000
367 06 22 01036
367 06 24 70000
367 06 27 00436
367 07 010 0033
367 10 045 0003
367 13 000 0070
367 13 015 0070
367 15 30 00000
367 15 31 04516
367 16 010 0103
367 16 100 2147
367 16 110 3400
367 16 24 76001
370 00 000 0326
370 00 010 2222
370 00 010 2654
370 00 011 0131
370 00 011 0160
370 00 011 0162
370 00 011 0166
370 00 011 0546
370 00 011 3371
370 00 012 0150
370 00 036 0040
370 00 036 0070
370 00 24 00003
370 00 26 74433
370 00 27 06772
370 00 30 07011
370 00 30 70747
370 01 115 0376
370 02 000 0000
370 02 000 1570
370 03 010 0573
370 05 015 0060
370 06 010 0000
370 07 010 1344
370 07 26 00775
370 07 26 01524
370 07 27 00373
370 07 30 00520
370 12 010 0035
370 13 010 0063
370 13 24 01370
370 15 24 77761
370 15 25 77663
370 15 31 04417
370 16 010 0114
370 16 37 15770
370 17 000 0000
370 17 24 00000
371 00 010 3020
371 00 011 0154
371 00 011 0157
371 00 012 0444
371 00 036 0076
371 00 040 0001
371 00 040 0006
371 00 040 0016
371 00 042 0011
371 00 100 1642
371 00 110 1455
371 00 22 00000
371 00 23 02217
371 00 24 00003
371 00 24 02003
371 00 27 74373
371 00 30 15531
371 01 27 00000
371 01 31 70427
371 02 24 00037
371 05 015 0333
371 07 000 1560
371 07 010 0031
371 07 012 1701
371 07 22 00224
371 13 000 0063
371 15 30 00000
371 15 35 00000
371 16 010 2110
371 16 015 0114
371 16 24 00000
372 00 000 0444
372 00 000 3020
372 00 010 0053
372 00 011 0154
372 00 012 0152
372 00 013 0146
372 00 015 0126
372 00 015 0604
372 00 036 0026
372 00 036 0042
372 00 110 1642
372 00 110 1747
372 00 112 2050
372 00 22 00000
372 00 23 02216
372 00 24 00003
372 00 26 70762
372 00 26 77221
372 00 27 16764
372 00 27 74376
372 01 22 00000
372 07 010 1037
372 07 015 0516
372 07 22 00250
372 07 26 00362
372 07 26 00373
372 07 30 00224
372 12 23 00035
372 12 25 00001
372 13 015 0063
372 13 24 00546
372 15 010 0001
372 15 010 1047
372 15 24 00000
372 15 30 00000
372 15 31 04516
372 16 010 1674
372 16 012 0114
373 00 010 0123
373 00 010 2221
373 00 011 0144
373 00 011 0157
373 00 012 0154
373 00 012 0373
373 00 012 0445
373 00 012 0456
373 00 013 0132
373 00 021 2234
373 00 036 0060
373 00 036 0070
373 00 040 0001
373 00 040 0020
373 00 042 0016
373 00 110 7005
373 00 115 1671
373 00 24 00003
373 00 24 02003
373 00 26 16464
373 00 30 03462
373 01 30 00324
373 02 044 0016
373 03 011 0225
373 04 37 70371
373 06 26 00774
373 07 000 0516
373 07 000 1037
373 07 010 1026
373 07 010 1701
373 07 26 00355
373 07 26 00412
373 07 27 01342
373 10 011 0065
373 13 000 0063
373 14 010 1176
373 15 000 0005
373 16 010 0000
373 16 110 3400
373 16 24 00000
373 16 31 05176
373 17 30 00000
374 00 000 3435
374 00 010 0152
374 00 010 2215
374 00 011 1163
374 00 012 0000
374 00 012 0161
374 00 012 0162
374 00 036 0101
374 00 036 0136
374 00 040 0006
374 00 042 0014
374 00 042 0016
374 00 110 1650
374 00 112 2103
374 00 115 7002
374 00 22 00000
374 00 24 00003
374 00 26 06402
374 00 26 74437
374 00 27 06776
374 00 27 66504
374 00 30 17763
374 01 044 0016
374 01 22 00337
374 01 26 01401
374 02 011 0103
374 02 25 00040
374 05 24 46000
374 05 35 71021
374 06 30 00000
374 07 000 0107
374 07 000 1016
374 07 010 0033
374 07 012 1026
374 07 26 00410
374 12 010 0035
374 13 010 0063
374 15 010 0003
374 15 37 60772
374 16 24 00615
375 00 000 2654
375 00 010 0126
375 00 010 2213
375 00 010 4040
375 00 011 0125
375 00 011 0135
375 00 011 0162
375 00 011 0166
375 00 012 0162
375 00 013 0162
375 00 015 1332
375 00 015 2654
375 00 027 2214
375 00 040 0004
375 00 040 0014
375 00 042 0004
375 00 042 0016
375 00 110 2315
375 00 111 7005
375 00 22 00000
375 00 24 00003
375 00 27 74433
375 00 30 04442
375 01 27 01443
375 01 30 00404
375 01 30 00510
375 02 24 77766
375 07 000 1026
375 07 26 00404
375 07 27 00377
375 10 045 0014
375 11 30 00000
375 15 000 0002
375 15 23 00000
375 16 25 00001
375 17 24 00000
376 00 010 0000
376 00 012 0161
376 00 012 0162
376 00 020 0163
376 00 022 0000
376 00 036 0037
376 00 036 0070
376 00 036 0076
376 00 040 0016
376 00 042 0011
376 00 100 1645
376 00 24 02002
376 00 26 00000
376 00 26 07002
376 00 30 03714
376 02 24 00000
376 02 37 74776
376 03 32 00000
376 06 010 1455
376 06 26 00402
376 07 010 0107
376 07 010 1016
376 07 010 1701
376 07 010 1751
376 07 015 1073
376 07 26 00410
376 07 26 01004
376 07 30 00402
376 14 010 0035
376 16 010 3171
376 16 036 0110
376 16 110 1653
376 16 37 65765
377 00 000 0607
377 00 000 2204
377 00 010 0000
377 00 010 0545
377 00 011 0103
377 00 011 0436
377 00 012 0162
377 00 013 0103
377 00 015 0106
377 00 015 0604
377 00 031 0000
377 00 112 3444
377 00 22 16000
377 00 24 02003
377 00 27 07005
377 00 27 71021
377 04 000 1777
377 04 015 1777
377 04 37 20361
377 06 25 00762
377 06 26 01001
377 07 000 1016
377 07 000 1073
377 07 010 1105
377 07 015 0442
377 07 22 00403
377 07 24 76001
377 07 24 77401
377 10 31 66650
377 11 37 20360
377 12 000 0044
377 16 033 0020
